id,title,company,location,salary,job_type,link,description,scraped_date,created_at
1,Invetory Counter,Bannons Gas Bar,"Thunder Bay, ON P7J 1K5",$17.20–$20.00 an hour,Full-time,https://ca.indeed.com/pagead/clk?mo=r&ad=-6NYlbfkN0BT1HSvhwy9SYq8TthFlVyItjDZNA-o74K6cD6WCBpcb8FOjdZ5ZW60fSJXwg6ECZitzIDAv0GKhMr3E0W4utz3s72a0m8JRBjzYVXUFHZ6rNzGHnl43vxmT0pXWUViQm0hzmrnZ_IA2-4tWuy00qMVt9TeWA0CJ79S5WUznTQBnhhw1enGzwaypNKOmmcousL5SUNPfXYxsDunvvL2FC2r6w2sDa5CiVm7QVqXUWgDXCQXaoBLIsYeS-wiEQLUZGL9K1q94ul3Ol8kKEQimSVohk9OJb-17JXaR6RrRDTGycLwjby0XDXnUQhyRveYA1FDKadR50Jq_YTrT0-O30BVyU804rnQnZ_rc-RJPeX-O0KjM1oVvd6o0GsWzT2wARn_s-yw035IZFgKphQuJxUwolBLADpPrrGsv2KHFmZz5r0zVBOSRf62kGK5ooLkQLIKzpRexgpC2Pa2oU31oL-eKnOPL-w5397wBzy8Ze2GDTDSEIlixC8ebkG0Zw5b5GthHl86_zG1X8yHl0rSbvx2Sjn3bayCVPvYf81LvdFs3Zsimfeddehbkrz9EWFp8eA18MFaNeNwz0WG5YYVk4eL8XDfNjvHSxoaFdM6esP6THLywfrxlsZ2U0OuhU9XwUFhZqapb4QVtA==&xkcb=SoC56_M3rHrrlQTSw50LbzkdCdPP&camk=ethIe0s0hecQtz048IzDOw==&p=0&fvj=0&vjs=3,Description snippet not available,2025-10-22 21:28:44,2025-10-23 03:28:52
2,Housekeeper/Cleaner,Genie Clean,"Williams Lake, BC",$21.31–$22.03 an hour,Full-time,https://ca.indeed.com/pagead/clk?mo=r&ad=-6NYlbfkN0A3dRsplEMb8SOEOaO3rvwrNfwuWiVJyBln2-eggzlIqHtRI0thtHFgqhdWgIGDMGx3RV299e9H5P5QE1zWs7vp56EeY3hUVDTPCHp1DvDWZhaJMwlTMJ01z3BTBGy9AV89q5qT7LU4QT8OS3BTVwaTNjbhHI86jCfR5KK_-RnCsBlhMORdP7kKOdRvr7tr3V_5kffqhaEinLEUdVsKJogmo9KTW3UTSguAge3sbmVdEAzSYfvpax7OK5kMkiK5k5Q0Kddd8fUNdCND_EQyHEfzN0odwuHIJi9S5TJ4sQvtFbqIurcirVRwRxRa5GoZtuIDTpyzCMPUQxi3LWFV0lxMLw6ZNXj1TeV4FgFAqEnm4XvLzRHyQO2FiZ--_xmrqlmo02Sd6KFCaeJI-9isnuN5HR-hrj7ODFfRec-H-jqx0kkwbRws-ZgFXXvKahCcZ2FQsI-0Zmjb1IhJsvFsb7vwqTo3ppMfjD-fXt7_9FP5kjS7iOx2kfgdgm6e3Gf1Uiy0QAT0qDeb4l-1344mN0xza_Di33VXj5ub9GSqSaVFVzzQIKPKdCWCfasiJWnobk1k9nKKOvMUCwLIeMuWiOfg7vVbtDgWyxCniffVMpX3hYp9X9m_wrhotc5gZbyaeZtLrAbOZVv42OxNPdx-RsltiDe6Y-gjG1r6k1Wu9pSYBdopnlPZIRTx7LGEpkWblaA=&xkcb=SoAN6_M3rHrrlQTSw50KbzkdCdPP&camk=UoKtGZLa3XK4losdl87bFA==&p=1&fvj=0&vjs=3,Description snippet not available,2025-10-22 21:28:44,2025-10-23 03:28:52
3,Journalier d'atelier,Ainsworth,"Quebec City, QC G1M 3X8",Salary not specified,Full-time,https://ca.indeed.com/pagead/clk?mo=r&ad=-6NYlbfkN0CiEJNW0f8mkhKxJjfpFtQtKrqzIwW5UG98ZUYIw2gumnifHj9QDsifCaoq47y1qBL13MTcBd2zs1FBjmEOREEdPUgl_ZXfS59qAJM8TZPti_mI7UqkKH8EsesXIaAbfUZBToUrqqlJ-T3rJBudhHoAOoFg95oXBZcn6bQHVamcvNZVqkONyTugCsL4WRWE_GS2VUoBAUvPCtJnJNfN5pBcnHDA9SenaH5_wMeAxA6yaZclOx-N9K_NWWANECMg5aqQTbYHviMG3qx2eZE_ehfnseGhpJ1JkNBEDg-ETtTtekACfa-4qrbbbIkrqmkmuOcw8U27oRi4StbWwN4T6TJm22PtX6tdcXoQW3dH3RAqdwBdOyz_WzpPdpNERywQD51J_cyPeCGJl270a1XBR8gI6hh4wl_Sb4UeH_r-6aVLtf7KjMqPSJfqUpcV--1awOXbY--vX-QudAHL3Ilk5v0XBa1Qa3Gkh1pWRv_5mRHvL6p65XK-Yj_8TrLl5BnawtiFKE5WHjchBe2fkJ744rQjcPqZ0Pxqw9A64xBJX_UXVr7cWP_AKb2HV9_l_H0ok35L8BMQJRwEtgPitFUTbfn2wsPeWgU-NnYglX353zL4WU-ZwB5GUDRuGa9sXuBq-3ncuN_wZkDQ5wTcrMnohX2tUmOi6c6MVxC9fG_LSLod0A==&xkcb=SoCQ6_M3rHrrlQTSw50JbzkdCdPP&camk=UoKtGZLa3XK8j2euoQzMVA==&p=2&fvj=0&vjs=3,Description snippet not available,2025-10-22 21:28:44,2025-10-23 03:28:52
4,"barista - Store# 04673, TSAIN-KO VILLAGE SECHELT",Starbucks,"Sechelt, BC",Salary not specified,Not specified,https://ca.indeed.com/pagead/clk?mo=r&ad=-6NYlbfkN0AWGV4-yMIDFyUtvL4KY-qlR1pGjtwXobC7fkS1M80JJ3rvvK2LWX_ZO0FJwqpYqKkPnakR__uD4QGZlzrSdvYVc_C_6tdOsEInf442YzITkB3rnkfXrg_mkLYIBnW38zCwQnM0eypJZPbzeuL2ccv95cFbCl91poNDakMSfFc39sDvRqzmUwz0sRDBgD7A_tw_neE7Pm3P5gAmtvjearXjsdaBBQxRbQsbvauQaat7vsF1XpI9ByY7O0SEKdwp0G0Gc7tRQ_6uIW74Jt7TQnZdax5wOP-rynQCoAh5UbU8G-raQ5em0IzlLlZS932-y9nyPxcseBLZC3VzyldFd2HSopuZCsbNpyL-Lw_baeCdwng5lwKE0sq2ls7JslgsSfox2YOKfnS0-hXvjfIs3u2F1Kk0ezm68BqJRmwSr5bHM46MASbfBtlIowObdHcdyTQu4Q79zp8as7HKdOPmxQan3WFI6qS9IjtIL1RzIfCMYcvHYQ8wxIerluJYGc3uMvsBYRlolkxwtuN7QvX2FVpFSeJ9fWCoh5SdOoH5betjcEhKpV2vxO7pdy9vBc4m4GRBXgJ_J4ZwfcT7zWETj94pv4KZsMBCVRTBVgs9F2Y2iG-hD1dCIqcYrsWVqPOeDOSOmyepEvWo0wBbYAGV2IxyO5LmBGGzEGA=&xkcb=SoAk6_M3rHrrlQTSw50IbzkdCdPP&camk=UoKtGZLa3XKYkTjtzDQqJg==&p=3&fvj=0&vjs=3,No experience needed,2025-10-22 21:28:46,2025-10-23 03:28:52
5,Train Conductor,CPKC,"Wynyard, SK",$224.65 a day,Full-time,https://ca.indeed.com/pagead/clk?mo=r&ad=-6NYlbfkN0DE0TlGCUyT59J9S6XYJi8PVlJmtLBsU6BTeRR8-_eQvGtk7d0SPicbQT-QfUuJB060wQZ7RVyliSkTVNQnuxIXJte6hXqcPLL9wznQ_Kv_M4mCgtIxFg9xwXtvliq05YffvcluRjz_bNqBtDBDZLRkttN3hmeFgLnAVGo6ovnDQK4teT0zv0C0cPapYrXgcuSDdRMsDZMflrymZeqZXzK7FRX3lXZkPyi6x2QZrlIY7JmY6Spx2Ie0P2p7hJLTIy95QtCN8blPLlvaZgjWN1e_Y80A_Ovr8NT85gVqPr4_F3HGUHAoyDJzVQOf7rXS9IVVGsprEaS1loOz35SDtFfGArBg5b8sYabNZ8v0ICrFHAoXNkakeTvsykyxpmssYG15wOunHKgjgOeePFKA573hq9oizPYZHdoC0aCSjFWpOaiyMWOgbSTyULB5lxSY98TVAE7Jkga_l3XBGoHYS63X2Di4zCeynF1bJqycUxLPfeRbU8EKCepz--DeJnbUviV0P-yz1h43JYEFUe-saRxqFYItzyWVtaEGGN6Qaearbfz1abJP-GeFXfvHYJRNwBeycH-E7KU3enJX4x-u13Ce9BgdUghErHax_3DnlYXbtvrMGBE6nxgE3_3-4E4HGVyvj96ZIpg8IdQQBE72XrObDE3OrnumGLx5UNlOu0SdLGBfGdRQXmbWVWcTRAOF-W5Q57hvLSL12iuPaz-_oOaxDU4rW48jpYQ9u-KCdBt4HFzcsmAfJprh&xkcb=SoCq6_M3rHrrlQTSw50PbzkdCdPP&camk=ethIe0s0hectY4iGM_pHuA==&p=4&fvj=0&vjs=3,Description snippet not available,2025-10-22 21:28:46,2025-10-23 03:28:52
6,Seasonal Courier-2,FedEx Canada,"Quebec City, QC G2E 5H5",Salary not specified,Part-time,https://ca.indeed.com/pagead/clk?mo=r&ad=-6NYlbfkN0BoBX3ehfncLTAX-hvTL2lXlVTLV8nn7wkIXRZqSywaC8r6tL9sNyaJDjDeBhHXRg14GT6rC9_Te_IZNoggi28DkcYtLZvMop7TAWN7lTkioRAl_VdXLICOQJ9nTbcJE7TQeQWZQUO2dbJnqYKrmfDWdZVkKOZzHSf3YQMseAdQ-zbsmrLQF6KjWN_Df7T7bjffr8iqjuN3dun-5UbomCYVzdRa4oArBplp7JnLK8G9ytQIlfoCToFXiY2JsObKJMqKhA8GDurseksbqKfH6Dhy0wj9OB7tkpnSRzVnuHFXK2iJ_-bhNGjX18_Da9gBsZfISPA6-H6z55zdeZM_GKB1ONNT67IylSvbmNP6C4jCcv_Gh25Fed8QipzeMGOs6TV6rqR6QYYXV3u8mGAjbtVxFuzKYzC3fcNYQt9Dxw1LtnbcpGfNJ6blZYJAEdowzobuI4t6lm9K_kHSpMt_BP32Puhsk6jQ4TzC6qNaHO8ivL7piclqBDyfU65SsK35htpMwokZYUBu55Y-_RKlzRab5z7dUUPfetvPA5SAe0SiGBbwqNYJND9A_oeOjnQdzAHr10GMjtLPKfvCl-MEPOLvqJ2FiUqNnTFBJG2ZW4Iz4yq_WWUpfQRbtRR9MGlUFKt1psZlyymnFY5TwdnGuTQkQZOjIl_IaT5kEFK12cTf-VkaIBxj04De2_PqI0NKDVaVSU5AYZv_SY0n2aFfTtg2pFsaaGtDC4aJs7yFB5Yu5w2_z9HTuIEStftzXX1KKvnQlR5XyUN9_UcshZfxXV5vpmphrmS62MymAf_28vjfRoCeADvsZz8T_K3lQ4tp9cewfz5hFJRr-yHjqt62fUcqHv1mcgzwg6veZTIYK7SywRJM_-Lc6zoHJcyy6JNOEu3YqDIpn5gTq9bFtcFRBHAwjcj5zX9lf0QavFbDCCaEg2ojlosyXhoBKO8yR2RpcTJlYmhaOZdwFtfCVD36shXbCd9Z2WKKmqDECSF4AKbXrVMXPO9MQ4z_AMCgSesLUvA=&xkcb=SoAe6_M3rHrrlQTSw50ObzkdCdPP&camk=UoKtGZLa3XKj3OckiNar_g==&p=5&fvj=0&vjs=3,No experience needed,2025-10-22 21:28:48,2025-10-23 03:28:52
7,Train Conductor,CPKC,"Revelstoke, BC","$85,000–$100,000 a year",Full-time,https://ca.indeed.com/pagead/clk?mo=r&ad=-6NYlbfkN0DE0TlGCUyT59J9S6XYJi8PVlJmtLBsU6BTeRR8-_eQvH4zi8fw3dzMm8RoBRWT0aATyKi6KyAdkHMJYpFHMm5WWQRWELLFSjOt9QpaZDVkSCQ5VH_9B6oVaXSEgbyFwINdNntvi6w59iGF-FelTmp_fxLkp2pZ2P2gtUuYIw_ktCHDgCaDaEdVJKzp7oO9znBR99oIDVSnzDTXQxei_moGU_w6hzkFPM1n7cxDYnIxiviSzOtxNPAtqBDdEX1_U5EY4Ggllmws4M5ycelq4-4ysLV_S8sl9N8ZLQe-yfyg9wTMip8_h9r06fzfD_0ytgmF5aXX9MGdx7pF8dBh6idPBxw3xHEV6WF9ao2-_BKdkMS25JvtImm2hoNmNgh8jY4op_4dCIL99z2lxEOcDdiY7lCfvXj9EjLsnzwgr1S3eqzX5t6xFXH8zCy6w_pmb0q0jwHxLhPLn1CDlmZjhDLQF9uwSnE0NVSWq7RAwD56OZbiU-LKY9_ef0nlYuFCP7UST9wuTqkUvyjm_CMDsdlmnWwiviEsRP56QRKoNMkDnAYAtBOatBfWp8hH_jd2N3ZDeDOXuRiIyEp5v5F8ile5agvs3aZFGKkS8dydcVDLoIqmNywiZQk-I-zg72YiuJ5mZOZRXGwJ4w==&xkcb=SoCD6_M3rHrrlQTSw50NbzkdCdPP&camk=ethIe0s0hechMWHQplVIFg==&p=6&fvj=0&vjs=3,No experience needed,2025-10-22 21:28:48,2025-10-23 03:28:52
8,Squamish Courier,Fedex,"Squamish, BC",Salary not specified,Temporary,https://ca.indeed.com/pagead/clk?mo=r&ad=-6NYlbfkN0BoBX3ehfncLTAX-hvTL2lXlVTLV8nn7wkIXRZqSywaC8ZGw6cy72DVcc3MgW-MXxVAGhtRIm5b1vgwQ0Bn-xZXgChF218gn6U4Opd81wIBZ6OZM0zQbPFvBftazwYQ-J_1DHn-hXPB0Bsym-FFMltmexu2ch7rKFcOc69BiW2xTGu6PReEaO415oi1w4zhE5-89LbDudBjQRBkArROpDwjpjth_CZobMzr_rtVRUQqWCVenMLj1yw-4OZf_RnvLdC-knNpIVPN9G4Nm0Swz0NJtgEowvxqkQZqn6nhRUJOxaGdTBup-KjQjwPnIXkka_GbDF_pFFwC66aZNq0UFpwY5EeAMStEVhmZJ3QtQgGKmxh2YG4ZNOTStNupJdrgT6vY0uZfgIGB8VeYjGQkfLvwqAN6DuG-nAtXyRB1esPOY1qrwHMtHvVx5ooS2YsodB-OcRzGdwCvKkQOe1satiNL4uh_M7YGF7s4i1ZZWs9akEIJd4KEsFF_O7qwozmly6-HPMBqbFW_Ae7sbeyQ0H2FCDeB6PUzDIEC2-3aQkooYnnDWS9wchnD-OIaXO_QwmsyeThudqH2nXoavu4tya5zVJ_JLbCBggXGuvuVXdop7CPpgSTHrQMlpcjUmb7-SOF8ZIFTpNT51xiIS_JewdKXNtcj432F791NApdZM6Zb-kBx2x2l0jyVYB3rDywNefFO2tRH1aH3TY5FsxslykZsfjL8J10IY9TCRIUHy8PIif9FkGtaMAuP8weq7nl-DbxIicFIn0gRaYBQ7xf-26Nu-nYkN1yE-Oa1y3vnQq1eU1lmt_PkcVWJv6ItEj-vaWwV6XzWeuh7HFAKpB9hUdtyBCJ4_FMdDyIRIClyWE10PnuqQYDBaUIGqkCVgw8bAXJIvHnkOB6tjtavTxbSx56QpwGY2PTgaC2IzOCS2-OrLrXNBFX1NUT_3FEsSQUYpF8GBfvL3Y_woqZaxthTUHnFstBt1K16xpKYoogHfQZwiF9xwO2QBbf5VBICuqtOChM=&xkcb=SoA36_M3rHrrlQTSw50MbzkdCdPP&camk=ethIe0s0hedFyAIaBOaQcA==&p=7&fvj=0&vjs=3,No experience needed,2025-10-22 21:28:48,2025-10-23 03:28:52
9,Warehouse Associate - Days,Uline,"Milton, ON",$30–$34 an hour,Full-time,https://ca.indeed.com/pagead/clk?mo=r&ad=-6NYlbfkN0Ad3giXQyOqSjtuCazZCjThtx5L7e01X6oDYMq-RePRDZo2mXf0CFHLfHalKmYZPV11byvujCiBYRlvPOMRW-yZsrWnltlUW9JBf0pj3pGYTPp-WermlAa0aw_xPBuqtTqf6QXE8MMoagQPW9GV5jzCqfbWiPzel2qeIdj4zegCd2oOIPY5NdeSQcyh-9KnWvbmKyk3Mtf4QPFnNqVw8dFquGE5mMxDId6rrCJyPNo-2BQmQ1-gw3wg6I2beK6v1durLW9IjF9JzsC91uwYSZdJYZ1B63s8r8KkElTfxw1h8EeVbpoWlb2s7gqSTNnhG7WD4GxZQIynM4OYoaRPALOxQYwKtpOL5jGViFWz5rw2Dmp0TISZM7oHCtC-YvLS1uMZqPw-ugxz5nvmqR5lWaFOX7ewDrTAHoXAf2owkSAhwjWCuBePe7fSsjETuIvGYUPRXcwSMFYRy2rnQAe5Hqw6B7I6jANzepUxasWM0zGmijlHcN5PRaf6HpX5wrpPDXf6SbnQGSQboihuMOMr-0Cv3xvbsc50VdVZEs0enb-b7snDWIs1wjW7ik5mYDGmc0kk-Zuj26C7NYE9kYAhahEDb0bAmMyahQBYMUrkC03oiAtQ2mCtebHVpkM0Y4qn02pq4twsGTeIDKDugeB8uJ0z9bcTUkU8GO6QfTiELw1D4tvQOgSvMMJS&xkcb=SoDe6_M3rHrrlQTSw50DbzkdCdPP&camk=f416UQcMBpAwrJhunINBpQ==&p=8&fvj=0&vjs=3,Description snippet not available,2025-10-22 21:28:49,2025-10-23 03:28:52
10,Préposé(e) aux ventes,Canadian Tire,"Amos, QC",Salary not specified,Full-time,https://ca.indeed.com/pagead/clk?mo=r&ad=-6NYlbfkN0CyM18hBtLUb8BmdDVl2DrtL-dTNzYcz8oS6UQLVeAkD7i5RhKWtkKEJ8WFSArx4L4TU8lnm-KiRzjJdrhs1v5IGwJEa2J3y5qAQzvBsZOnD015igmUJS2RbD_eKDkkFsw19XAfDk3OsyBigM_TxbYWaREDLNEPAJbbmeNYrjC0hQ32iNM5ckfOoHLYlBE6_ygTM5vfa9EflTCTDrPyTkCJFFZ_vpWOT31YY6Um7L0V-DNVXMC2VdT4NiGGRNQuMKs0HsE0eIMs8GVXTAEZXmYwAqrIwPCa7KrJRdwusqVeNu83n0suwTw3RhAKOXlghAO6SY9wWFCw6iRT8H_3_OwDYYxLKzWJzQaJruCx6eK-4XJxk9qqF9EM14-_vthZfRLZzCUEbmzBkOzT-FN-LPglIIu_LFgxv4BiwS_G4LI4qX_zjwlINP6BfJp7tw35zwEPl38vYBnFlfi71SCOXH6TYT1Yx49N-N_v_-aCFlpzkxMe00TVMlnnpdH9GjHgRna3ORvOOCCr17Tn3fmptsr3I-Lz33R1fp892UiUetgwTC2AbIvI-RDoR6G5CJYxasFT8oMWyNNzz0aEMTglq2GLgOrQvxUHWuJRW21BRcNtLZjWMwIC5YHP3Nz_wCPfjexAjb-ue7t4Sn50wxs23Tco74TrhApvtD-n01QCC6Olcm9Swnhb_0rRAm4tWcA1U1qN4Bo9o-9a3JKPFAplQrh_BRw_et9iSvXoq3KiJcxRFdEUgivMEKbn&xkcb=SoBq6_M3rHrrlQTSw50CbzkdCdPP&camk=UoKtGZLa3XKZhd0XTD-6AA==&p=9&fvj=0&vjs=3,No experience needed,2025-10-22 21:28:49,2025-10-23 03:28:52
11,Delivery Driver,SkipTheDishes.com,"Wetaskiwin, AB",Salary not specified,Part-time,https://ca.indeed.com/pagead/clk?mo=r&ad=-6NYlbfkN0AXcZnune5Plq4fjyn8G_oNasI1t_hBVwDB-7MT-Be0wfZYCQsQjmXzEGJ0LIanm_VAyh3mAzQjFEyLeS9zgSnTflLqRMYWT72B-E5a20fhWLAyxpjjWHESaApCJyTgPTprnrhqi_XODcZPk8FotB8BqkMH9gZVOxEYxtofl_NYEpgY-sIORQ22XYTr9QJtFVt4-qmjXjXjqjQDhoNVryfbt1quZFsP9RtxfodJaov7nVWnxB6nlLjcim4Abz1LeYoVndUSKSm5kfthYqEUU0lYmaQHREv2OCi-16ZrIexoMO1OMB18jCh20aCb5qVdtwxrC2SoD9nxzS4lfQuDs_BcXu7HeooNrsrwdjCwDiPyBYuB240Hmpd4zgDiZVPhRfnRjIOdbEycYd2rR0QiKBsL8sox172sVf5-VnV6vmDSgnGHbTtlc1aKDBUz8XV1oI9wzFPjNVaqyM0_hWpAk8mQc8IqqSTfKh5x2K8vIDoQNodRMtSMpW2Afd_6Mt3L-UJtNZHjeGEwShoMtqhSM3mO0JL5o3Vvki-R05clnqCo_7vF3l6hlPZpTi4kDrt2tpf76Axn793TKjxkZViw4KDH8rSvGFazUXEAr6z5WOrKqJQ7kifb_ONVh4SiMCk-G43Aog0lykok_hRgM0FShWFx8H3-8ykylmY3CKKWWL1tq6EuFL_RcxOzDhwjXyvvqNC42qpGxC4reBfPnnJzTF7zIAEQGneti74KT1tj8tjCRA-hE09DPZtSov5PNzMT60qizNmXwTvP3Q==&xkcb=SoD36_M3rHrrlQTSw50BbzkdCdPP&camk=UoKtGZLa3XLy-EPwybgF3A==&p=10&fvj=0&vjs=3,No experience needed,2025-10-22 21:28:50,2025-10-23 03:28:52
12,Courier,FedEx,"Quebec City, QC G2E 5H5",Salary not specified,Full-time,https://ca.indeed.com/pagead/clk?mo=r&ad=-6NYlbfkN0CLoHr8v46JjMOh8SDCojy6qtrk0Hn0sP7ctk5NfORgTCNQSniFbJtfxjaTabk7s_q9ygbTDVX7J-tRh-WjJA7Y1-4g0b1JVUTNjYDPjkpgGSJI_otia3C_hvQkrO-PlG-MVfhkaveTgarh-HDo1pogzaqcSf5mMlu6YHgkGCkbMDW66HGjs6k3ckJsh7Yq_gHuIAH5Ll6OGI2rC9fCiXoI8JdG2jOYa0Lyi0fIGCz1yzSUzwPhu-O3ciLm62xUVl_d8ktMN_0uDEClnceSE6UnMmfROgNsHGJCLcAJqPUzumtKUn9Dr4Z-7Z08aRHGSgNo7eY53CjDut4IMBd0dc6BTp2hhuVTDaysQhG0r8gxBO_IRUT3V1tuPihkuConSa1u3BKQxhKLGrIzuwoOx-i7gwEGx6f2Z4FizMBITqCtQ318MhJVL31CzO__fL1kh1Y7EIUl13GzOIjMq2I5ne8LiYPJxu27LtfK17l6Xx6hOOvzvlq2i3Ii-UC74TAm2EKjfvZxZMZN4z9LQhL_cE_63o6DyrCc6j1Fw9rNGMpUIs9kIoTrCx853gQwfDXbEV1ay-uxmkY8X28bJbvmvk3EQwh2JaakoHyqOZVGtzM82qkEJQF8MsRHRB9fUXs-9VSIh6CUb3nGk6SOQ6kqvcHogo8t-atSej9fTIMPN5Ic8cPSODyBeqUo3c5bxAusezrMb7GPTb_aYr_xh-Trl5seeFKNI3uFIZmXXd0eSL0MAsxmubNSCuHgqNnKt7U-H651QvWSUnNgsw==&xkcb=SoBD6_M3rHrrlQTSw50AbzkdCdPP&camk=UoKtGZLa3XLzcAw_deSGCA==&p=11&fvj=0&vjs=3,Description snippet not available,2025-10-22 21:28:51,2025-10-23 03:28:52
14,Maps Evaluator,Peroptyx,"St. John's, NL",Salary not specified,Part-time,https://ca.indeed.com/pagead/clk?mo=r&ad=-6NYlbfkN0BQmrtWBJ-ayhfcEtLBbPyRsVnb0ptbLLTGp8pOCDI7jMPlu03rUFkcLuO2z_CpUKaYbbCF-PijA_RgGs3HfHNNcU07FmchC1H3bhW7Z1yf73wCcYZtw3K0qMrwOjnwNdJj6pL0u8hi5g0wDt7Ogry55eGPT-3sM-j3A_SMSOLF3X7BtASfapTTxvao582Q4i3CmF7qjiG5Jl6qVrhcypGHqaWI8fbQ8R7wv92M6mXoGxlNOoK-bU2wYKlGFP448g43mqN9bpwRfPaX4lzKm-K-gC1pikhglLdeE-XevuQTi94xwS89AM0dRl3gxMhYOpNNYPel5K2CZHDAlWPJtqLevggT3CuLpaQ1u6mUx9L73wdRQIKEZon6v_1WTWwmb8woNfDdp4v5_3CUBDhgY2S4M9oxW8EhFj3R2rs7SQkV2IluP4FFWaRtdTInaqFUaiSfiZh1nczAkEJG4OxLlM0cCvw_sdpMq2Qv4ENTZIjBwlMIhVN_lVEdqV82i0AZacURBUTwCBs6nDic2gWzMF6QEAIdCRE1NXXoC6sJ2bWhXFA_H1iNUKXl0KqYJTQPtBeeppVYVYw1zonYBfys8y64usOtf1iADsk=&xkcb=SoB56_M3rHrrlQTSw50GbzkdCdPP&camk=UoKtGZLa3XIdui7U6DAWyg==&p=13&fvj=0&vjs=3,Description snippet not available,2025-10-22 21:28:51,2025-10-23 03:28:52
15,Journalier d'usine,Robover,"Quebec City, QC",Salary not specified,Full-time,https://ca.indeed.com/pagead/clk?mo=r&ad=-6NYlbfkN0DEfCpEuRfW-li8MTKALtBGC9yjt8EMF0Le4oK_l0oykGb_N8iA3ctbfBDsRnz7XAZtnT8NHQtmoKmE8Q_1pA_U2T66ZbKfDt00EWTfUezNZgMOBc3ojv136JppFs7fuxOonIs9lDzGbGYWPY7HxojMNZncGT0pJBBA4zhsAGDKJDW-MjDAsgwqRIe_MwW1JKyAGRk3mBCXazhC4M9IYR7PJPINKRn2wwtVWvka1TX9immtKKqNZUWsGdjPbU5unNRisfoIEdF_0hquJT5_zuqrcxj-eFu7_lMUcw6FfZZlql7UdDPgzX-lorF7zaw58vuZ33ZmVycWawPVjEJcpsVobNzNZvD_sOKeAUchS2EfZd5LeddbaxX5arN6cCY8U4yXhSnPfXt3QKwHwMU9uOanmweXJtxxVOq2zbHKnGjV30DpCkxuMzN6ja-WjeIjPMuEdivcO950k4o9FoOgp7VBPVW3KyI4T_mPv9O4Rqg0HQjggJyFs6-E28EagPKr4aGK30jqHp4JATN0KoJHx-mkyUiqpMn2nNllWBOCqr2lq6CDqcu0C6vge3qWH-mOzkw8iS6NMVV3WLawrg1f6xXg7GsGCO1V9RV_B7o4olCxFQTFfM2IW44Yf6m_OCBwaASx0uA-1So1buuEhDahnv8gp9_yOB4lvcQ=&xkcb=SoDk6_M3rHrrlQTSw50FbzkdCdPP&camk=UoKtGZLa3XJfOzXYPv1U7w==&p=14&fvj=0&vjs=3,Description snippet not available,2025-10-22 21:28:52,2025-10-23 03:28:52
31,"farm worker, fruit",Craig Nichols Farms Limited,"Aylesford, NS",$16.50 an hour,Not specified,https://ca.indeed.com/rc/clk?jk=74204df7c7965f30&bb=MZ9J971SmLtR-klZRKkV8hSMIxUamK-iRdAnxU_QDJOkAu8ksGeABF3RpEkvdsB_qfWWvc70mLLOpBBWcQB_K5ubnNNClAAVoqhCCYFcXPqWZF7p9TUXnma_NFBR6Jfs&xkcb=SoDI67M3rHrpfkROEh0LbzkdCdPP&fccid=5c46ac2a924d90f5&vjs=3,Description snippet not available,2025-10-22 21:29:01,2025-10-23 03:29:09
32,Cashier,Princess Auto,"Dartmouth, NS B3B 1H4",Salary not specified,Part-time,https://ca.indeed.com/pagead/clk?mo=r&ad=-6NYlbfkN0DPpiFXKdwMKZ1tTD-42qfCYHwTBdQJA4s4nA0C9Z26VVJQlXJsBxcu5i1EtVSgqhAZKFBCOkdpABKCkXzRNmvRUsghduP3IyrRMMwHQgZy2U2WhRS9X16yq7GjeXpTRHTQlcR78LG-ZSK9G7yQ-gwizf_9MrQPVFGmcakoKGYQZirF5-VdODyrvUaZ7AJhnJJNKMnKQjPAd6FW-NDEqHcoBh2RYQPrWkVB0u91tuczHTfkeWiLo-p5mR9jB-Lz57uDfXw2RJp_X5SJUEW8PHcRcAk3d-T6Ck2wDTNmATbdFp8OnIdOtC_zCG0CATW8hW8wZB3EDXKebkbnUi-d0l_jR8BNvADzP4I1UNFPJg6eylTpGMt01ytf_HdCNwPHZ_aj3-FWNOlsMpa2oBz1Pbsn1nP_Z7h8OIGeFKTfwBRTIDBvBN3qdnjDsq-nt8DHhIVnWYTIpmRYHmdP8qAlrLB6YAPvlHna_1FLcDZdyrssLO6VZAJDTSofwa6pIqe7UL52uYo4Zxgo9f1L8-wg9Xk1J4FVHYl-wt7EtEmXUgqCR-p7bMhctpcf69UE--mpp8x-a0Dwp0c9w6l7ZANxm_eln0cVnWtNpZfdHblV6BMUfQ==&xkcb=SoCI6_M3rHrpfkROEh0KbzkdCdPP&camk=f416UQcMBpCPZ21OSrRdlw==&p=1&fvj=0&vjs=3,Description snippet not available,2025-10-22 21:29:02,2025-10-23 03:29:09
33,fruit farm worker,Laundry Farms,"Picton, ON",$17.60 an hour,Not specified,https://ca.indeed.com/rc/clk?jk=f8d134c3bad1c47d&bb=MZ9J971SmLtR-klZRKkV8gY7yflu4Od5_P8ttg3ZpyK5ClM2Rf0iaeZ0p9W7z4TRu2Q_XueVgD4jdxPenR17Xw8XWwan1oRXVKDBIeNESejhNlwrUPccMHSnXoZw9HlU&xkcb=SoDh67M3rHrpfkROEh0JbzkdCdPP&fccid=ea7e2b7baeb7a11e&vjs=3,Description snippet not available,2025-10-22 21:29:02,2025-10-23 03:29:09
34,Call Center Agent,ProNexis,Remote in Canada,Salary not specified,Remote,https://ca.indeed.com/rc/clk?jk=58fc060f4315d93f&bb=MZ9J971SmLtR-klZRKkV8jfvI9tr59tMuH4ElsJvrUi9rsfZiYw1-cK8wCljWBms9OdfQ4rjG9dbb5MCiayCe9T7Kis9U_2BKiTh-sc7w2vIJq9N-iC1hy45IjAkId_2&xkcb=SoBV67M3rHrpfkROEh0IbzkdCdPP&fccid=7e87c1db7ad7f0e2&vjs=3,Description snippet not available,2025-10-22 21:29:03,2025-10-23 03:29:09
35,Data Entry Clerk (Remote),Farber Debt Solutions,Remote,Salary not specified,Remote,https://ca.indeed.com/rc/clk?jk=22ad81a2598b848a&bb=MZ9J971SmLtR-klZRKkV8mXgV4dtKM-5-OgCNFuPlKXYGReFaWLcLpd6fSUAJkF1RXS9baY4ZSXjA9XzF1DyiaNVzqtJHvWIiaDCLP3P1T2_XQLz4-jb0fpj1UogwMMqcmFWZlXYlFQ%3D&xkcb=SoDb67M3rHrpfkROEh0PbzkdCdPP&fccid=bf47b40f0107b441&vjs=3,Description snippet not available,2025-10-22 21:29:03,2025-10-23 03:29:09
36,Packaging QC,Highline Mushrooms,"Leamington, ON",$18.67 an hour,Full-time,https://ca.indeed.com/pagead/clk?mo=r&ad=-6NYlbfkN0BO7xDvTgJeR9aY9z7huwualVLHT4Q3BzTgFL10rXHTrjL8ndORd397r2C-PpvdobcvN7r3CA9JDkzPtamvLkSrVNY7Q_RkENScHoBr330g0pgFh3jYuuVKjFGya7tUy5pc2IZLjufU3_5StYetHNmBn-NQ9d7gnAr142DD0rY_Q5UNFfpQ2yXCgIxx2YmAMn85FTufBgizL93AW8iTrXFkpTxFFIM1X_qLmMN6T_o0wDVfz3PfgfiCWg8aIpWuSHVfOU5Ii1IbAOnuErpffhQ5WxwnYzMWefBbqBeKGPVIq0IO8TkVTaGMh8E48LmYh_FchJFRnLcbi7u_i0WCebkCs_RoPulxcbXk2wb0i0YKvJbqSMfZdF39NZ7WEpM1_sDr687wDH40a3LndPeA5AabCrsBgAbQ34V_nSGL7ZFq-ubi1BZaprS5w9k2VmaehXycYdqa2RYrYBuXoDt8BpOQO6OXhoDpMc7nlQ5hXi_hanuHr_JNaUSARWevBGdXctXjyCLYMGeAoKldjcN1C186VbX5fnhbGaNJKfqk-_1UPIyljo9qkCXjM5s755eHPN1EGsk9LqUVSedqni_yAO2czI0EARoQ6ArDSXslRKeml_jmNOyr5vuSbgpN5cKstV9Cio6090aFk2yyrSWav1S_4OyzdC3msms=&xkcb=SoCb6_M3rHrpfkROEh0ObzkdCdPP&camk=f416UQcMBpAxznUckHeOVg==&p=5&fvj=0&vjs=3,Description snippet not available,2025-10-22 21:29:03,2025-10-23 03:29:09
37,"Seasonal Sales Associate, Skeena Mall",Best Buy Express,"Terrace, BC",$17.85–$20.85 an hour,Full-time,https://ca.indeed.com/pagead/clk?mo=r&ad=-6NYlbfkN0Bfb82ypc9SidKQLnMieGri9xalbS0v0D7hXyQU24ncfT4z1z4jJuowHBPGeo0-1Y-v-TalsNVSWTRnVoyoHQ62pasyO_Tpptmd4aQEY7F1oPDPsInfmgGu31h2_NQylYlFaMRbE44FYrY8QiY5qOjvT-9fIPGlshClF8CQe7GZaeqwsJiGSnhve3Y4k4WTE5CcFALr_Ynbw7bqHbnl5xXIZ_u3RQLN_mFQ8tIYjEMUs_iZ7LzOc_dNWvVgjmAxWkb45V8FpdC6Mllq2ls3BJDPLZWs4jAngIEqq0lP2kIf1Fah9LlUoKo2LTerTCpyOVxbqm-40yvrx0yXZfZ6O6L0hoLGYfk90HhRJrY2EzV0WApNx8e4HTlwzU1YYAhP-JwYwJAe14c4fDnUhDWvcMXFcFHqmXwrYlZzqbH36WvLPqyYpObeH_WuwGRFrUSNoYETKU4RDZ4JWxZMHdHICGKh0QJVSti9urgKgpZ70WG9uBzmos6O3Oj97P15jV33dG52S3-vs49anVYQDLfrRaKunx97x01bUl58PSPyNOV2kfeMTxyzRvhNVtO_sf86XQSvsw274iWyU8ACb1Fy4lSceCWjkurMBv5v4Ie7VSAVt9P144UPek3ooZGnX_V4fRN40HWgeQJOBw0ogJH44Eg-yv6Kv32N6kM_SvP1UZUX5Jun3JRT7nsP5opIBxbtWEBV2FVelCnyrLV6Z-wAoBeE&xkcb=SoAG6_M3rHrpfkROEh0NbzkdCdPP&camk=UoKtGZLa3XKaKbjXKe-i-g==&p=6&fvj=0&vjs=3,Description snippet not available,2025-10-22 21:29:05,2025-10-23 03:29:09
38,vegetable packer - farm,KPB Gills Four Seasons Nursery Ltd,"Abbotsford, BC",$17.85 an hour,Full-time,https://ca.indeed.com/rc/clk?jk=d24895a2cdaf8f82&bb=MZ9J971SmLtR-klZRKkV8pDsePc2Y5ExvRSb7UWbMTArkFUwDjMmdHXNs4tELIi7916MBRU78QLmgn3NGGOtj7UxhnTxV5zU6y0piVUMKO1k4pjw1HlxAVRF45KLpOXw&xkcb=SoBG67M3rHrpfkROEh0MbzkdCdPP&fccid=2a350c05d045bb04&vjs=3,Description snippet not available,2025-10-22 21:29:05,2025-10-23 03:29:09
39,Carpet Cleaning Technician,CRS Commerial Carpet Cleaning,"Richmond, BC",From $25 an hour,Full-time,https://ca.indeed.com/pagead/clk?mo=r&ad=-6NYlbfkN0D2qAx4w_j2JBbIWHys1nkNtBt10BZQDcNb7jyPubqMR85-zKHjZvAsQR9EkHJz0Vmg63iJHXk3IuH30KpOENR-LV33qHLHXoXAxA87i3VdNcMIvE_kGvMWfu42PFFrPDfvn7Sy6Y1DGYZf1Xa9BK7HyXhIcVmLpS0GN_WopjV13tHVIReTxCjOJZ8QP_1UOHhNwbGA1_oC28A2P6XPuy2HkYi8-bBVrf3Eq6uOUj6lGP_2mRDkVDx2LLX_KIQgkNcnC8eEmm0QVbK2zeVJlFizhwDuVX4ZJO6nGKbWfd09OKIrWgFTKHYZqDTDG6BIbwoBesn1iknTHuE6G1n5jsLPGIeEua1h3XwzncrrFu6OAlUAbf-TmFbTCbzxCu7_Be-0R_L4IVh4La-X4IWU8Iu1idtEKHa0eS2t07j2RWjObhS-2OyOQPURQJP-YqDHN9rNVLQyuio9unJJwqQ5w3_TV9Kr9A7QFtUj9lZA-G73WOsSNxkgVtHBt8iNtHPXxk1y8nVlz37urz-Y0ofx1t0sDup0Qw77dOVA9Q17qRn_esZ5o5wZ1SurvjMQAq4QJg4NVuIQHRFH_COUBshedrJLw7PIS5kKTo1w5Hk19HwN26Ci7NlhvwMac9esHgbFBy6c_fwQBtjHmQ==&xkcb=SoBb6_M3rHrpfkROEh0DbzkdCdPP&camk=UoKtGZLa3XIZtq5hysmeqQ==&p=8&fvj=0&vjs=3,No experience needed,2025-10-22 21:29:05,2025-10-23 03:29:09
40,dairy farm worker,Birch Lawn Farms Ltd.,"Atwood, ON",$17.60 an hour,Full-time,https://ca.indeed.com/rc/clk?jk=aafaa1550404c26f&bb=MZ9J971SmLtR-klZRKkV8sYsAGWZ8rmpom1sGlW9ipBQODRAG6aGNR8gGe5x8ziaVPeDRp9_m5f-YDX27sW9U3qf5520pBr5yVqRtPncU7ceR4k0gIiEOMxdxyRwZKGs&xkcb=SoAb67M3rHrpfkROEh0CbzkdCdPP&fccid=58f3f974ee6622e8&vjs=3,Description snippet not available,2025-10-22 21:29:06,2025-10-23 03:29:09
41,Customer Care Representative,EQ Bank | Equitable Bank,Remote,Salary not specified,Full-time,https://ca.indeed.com/rc/clk?jk=d9aae2731f878c74&bb=MZ9J971SmLtR-klZRKkV8qa84MIq1aZ1H1oPzF74k7TECcSC5eCT0fB6DaXB2h6mnFn6MYPv0iUKLbXRCbQgXLWBG0xMYs_9kICf8Drq8b9S2He53Cxeu19OMT1PdZKy&xkcb=SoCG67M3rHrpfkROEh0BbzkdCdPP&fccid=622204ff168f29bd&vjs=3,Description snippet not available,2025-10-22 21:29:07,2025-10-23 03:29:09
42,"farm worker, fruit",Gill Gables,"Enderby, BC",$17.85 an hour,Not specified,https://ca.indeed.com/rc/clk?jk=179e8805a5139c53&bb=MZ9J971SmLtR-klZRKkV8uM6pS6p8xjB4DLWQE_yWgcKd1G8pEq-5fsjPAy-rz6HMD-pYRDFYcQoUcH3qAYSzqjRq0wpqAQ9YXuBU_2G0jCpGfe6hNMHc4JuyTT5YEi6&xkcb=SoAy67M3rHrpfkROEh0AbzkdCdPP&fccid=6002fa3c6efdb979&vjs=3,Description snippet not available,2025-10-22 21:29:08,2025-10-23 03:29:09
43,cheese factory worker,Sylvan Star Cheese,"Red Deer County, AB",$20 an hour,Not specified,https://ca.indeed.com/rc/clk?jk=84580ccc10b596cd&bb=MZ9J971SmLtR-klZRKkV8i_h9qdHgIxejyZ8B3lFfSv5qvu2Kne-MHD6Gp_YPDzJ6oC7aLlWNaw2KG8dcs4vdNluMFhftEBGtxyk28XdLx8c9XbOvyv3phVpmsj2w_pP&xkcb=SoC867M3rHrpfkROEh0HbzkdCdPP&fccid=f9da2b6d893868c6&vjs=3,Description snippet not available,2025-10-22 21:29:08,2025-10-23 03:29:09
44,"farm worker, general",Deleeuw Farms Ltd,"Athabasca, AB T9S 2B1",$25 an hour,Full-time,https://ca.indeed.com/rc/clk?jk=61083f28b4866cc8&bb=MZ9J971SmLtR-klZRKkV8u_jNvOl7rLcICjsmmJhu2MR_xILrwczRyjP6UvlIx_4aQgqva8Z83yKHPeVC2qLiOsLT-8KtovC2F2ddZay-O79y0gAI15m3S3nYlZV_y0R&xkcb=SoAI67M3rHrpfkROEh0GbzkdCdPP&fccid=ea3f50e22cfa54e8&vjs=3,Description snippet not available,2025-10-22 21:29:08,2025-10-23 03:29:09
45,"farm worker, fruit",Protolight Farms Inc.,"Leamington, ON",$17.60 an hour,Not specified,https://ca.indeed.com/rc/clk?jk=03e5393e3b949877&bb=MZ9J971SmLtR-klZRKkV8pE2hv6PirI6ESfswhBwYz00Bmlp8SKIDbX3YA-sQvBL7hUSxrTyDBocMGyhaM1sui3_VwNliFKI7CsQ0hJ_iTL-3gE3knOfRPvhoPT7k-QO&xkcb=SoCV67M3rHrpfkROEh0FbzkdCdPP&fccid=b5e000b09691f509&vjs=3,Description snippet not available,2025-10-22 21:29:09,2025-10-23 03:29:09
76,Manufacturing Labourer,Genics Inc,"Acheson, AB",$18–$20 an hour,Full-time,https://ca.indeed.com/pagead/clk?mo=r&ad=-6NYlbfkN0BIe7sfWUblZaFt97P2RCx_28wAk4x2SO9MqB2eR25xQu54ZkIBQ-UPmkPx-UgDqR0KLwi2Rur9tr02nuFLx1A7LXfldTmRuTRjDrGrxZo8CHUkPmLQF9Jchq0k_hEADwbodjEKiJtm2qox0q4cP6t-_ZURD5T6Ph6mZtbbalzWJjWqgNSikGo7emQ44YTV2COJTUITgGkxV1wBPawXT-lFN8XZ8vYJ3gjKIofiX_urKhXK0JmXji2m6bSQ10MN_czYfvvSDS8tOuj11vjEVU5z6FPb2PReef6S3BHx3_16LeJhI1Vnx1OLCyS6pfcYhkQi2p-E8NlxvBDZ0YWrKhqmiJX5uQapkXa60EB2EVsOVCrW-pOTlWynXbStSDZ7ZsyI2AlJwkmYzKdzh1HjSL2VBPSRw_MlNxb4F15Sg38xHz0pVbYHNMboqCQVAeGWwlKQpPKYLNx1SWgQ3qFEtkiE9L-ACfBaghXg0GX-baBQsbjwzm5IXNg3FK5B2QsWrsVrng6mRrgZVi2m3jSS4r4AqtDEMOgZ266lpKKwh-beTcsKGuECLgvKuUStxyfwYkK44lxLjI9R86GxwNVvEHFhUgkL5d3DYQiP2wavGN-_S9VZeV9tqU2QEg0C7g4mzWdaAXqkqFpeCQ==&xkcb=SoAM6_M3rHrnaKAN5r0LbzkdCdPP&camk=WbZiXX7VL1RFOU_UpLIMRg==&p=0&fvj=0&vjs=3,Description snippet not available,2025-10-22 21:29:20,2025-10-23 03:29:28
77,Teammate Delivery-FT,Voilà,"Vaughan, ON",Salary not specified,Full-time,https://ca.indeed.com/pagead/clk?mo=r&ad=-6NYlbfkN0Dq_7b95OAoKKQgNrtz9VyISv5Mrwk6tGtdWTEkpTboj6B2m68jz1td_G7mpLQcV3teJaTgyqVnaJJWqr2qMJ98wkJZxhcpWkKwDXxZz-R9o6tuLgxvbBiQJu2MukRibkWT5hWF5_4S2YyQKjGpSSvIEuWR4zylojPvAJ4UuB_MGYFbdNw6nekjCvwU5UHBLvxnwKAWa8FzClRAI-aTeXWFlv_lfuuPxmiybIFNyRhI4MEH2jYZs9-VyQM99YbaCJ2B90biRA23S2kJVgFx-tINRHKPGR7X3BGklptukVmeYf5acTQbk347JDOl-J3wY80xLX_pOEHucBwSYeSQ9z0qJE4X6T8Mh2z_JpvckRCQV3oT2UmZxb6_gmYYkr-razinWdRi-8HW15JllhzwNmC6LtCPt_Mr2XVWnCF2oTPHtjjSDyTdKpKVHAyivozJS5tYUJW9dhSGbkyHjvN-HVMCLprnhz0PopCaoOdszBDj3RjvNxm8AcnW2qTd-T3qYwsd0eQ43wXQHTwazJ_1NI69ghJO8wh3j3MJrzN0e01HZE4m-ScFI8fkrN2LXUEe-fpHJDHaD89GesoGMRWBIgeMU1sUJqJ5xJ0tf9X7St7qzkfoFgRzMAKUlPaUN7w4iYmIPdbnzQDCfJgweKXSGjKVl14ZawKMzys0QlnVNn9ETBINj_9A37vZbUuBiCR4NT-EEccXJhTKxNYEiuomEz7czr3uVowqF2O1MxbKHP9HPQuZnpNmPIxRP1i0K2-nqhbv_rD6uNy4RlfCHvRu-nPjrmWeEWrPkhN8GykfR3acukcTD0OreHtho8agd1RV983fMaxbn9ATERdUJyktD3grgGroj2BXu6aFZEZIdX9eiX8XZR9tlbmCtD_9uSJzj9K-PG9glK18AYPa7_BdCtq3qSmqH9Vh6x6zyZ8ByM7j1id137pqTZ6TTnHhfzB9pecQAujog9u-4wNjBExfnjVsTETgGJayDyeKF9uKFrDyuD7jYa-taq1ncf1e9m3l6AM490UfpakFAQ2eMwfS8FHT1OLQu3dPnP9NACd_zXyY9j0jPseOm3yxvRp-tduTLq78P2CoQehSvC8oP8CoT6Yx21L3hbKcNNvPgmulkOl6syVx3lAyTNcTTxfbylU7Qx8=&xkcb=SoC46_M3rHrnaKAN5r0KbzkdCdPP&camk=4HOcmqOLYrDz1OCUCB7qWQ==&p=1&fvj=0&vjs=3,Description snippet not available,2025-10-22 21:29:20,2025-10-23 03:29:28
78,Manoeuvre,ConsuLab Éducatech inc.,"Quebec City, QC",$19–$23 an hour,Full-time,https://ca.indeed.com/pagead/clk?mo=r&ad=-6NYlbfkN0AyrQETpQIbkmyCFMuo5LkVEkPjCMMrYloWO6lBuJGW1iebPbanDLZvDfDu4iTHbfZcPjAHMrIiMCNK0c4hWO8QEBpeD7x0K2LNrJH227w1_D28naS_wuWx4Drqal5ZTeTqwzx5o38EyG58fntyL3qsSjh12JhC3AbyNnlf0_fqMhDyFFQLB0v5sFgdJCFLeTLADWTBLe_YNoo-Z0yJQUKs-Kwj9uypInCL5TKd1ls2cydk3WRa4oT4qhktxDCByciZkM1RkyzzlQGS-7zCYa1G-juJuIKhm7d1y5KYOyeNA_vQA_eTxMSpCa5Bbz7FKM-Fd5hlLEkU00aCw6qcXx9JZCypoWsFquAYpTEBpiwWDZQR2Ipl4f4i49yHvMK3Ho1OT9hBps_9MUWNBsCCAgNFFvKBLQU2G5FG_qGQosTK7oOn1YjXNX9EKQFzsIRHGCvIvmszOlS79JnZD_Vg3uj4eq7GrqmZaIrw-VMpuvIEi9WibKtio_hTnDQoLW_bKXiB75ItCV9hcP1Co9bVrBj9aof233HKQ0tIDMUnsyBllrKWpdC8lN3aOH4-6ARR7UHJLt7P5uRuMq0woYSjCp_OUMHb2-Sfu-f6RmOTV5IaJbVwlN7g8qQO&xkcb=SoAl6_M3rHrnaKAN5r0JbzkdCdPP&camk=UoKtGZLa3XK0c2DyNKvx8A==&p=2&fvj=0&vjs=3,Description snippet not available,2025-10-22 21:29:20,2025-10-23 03:29:28
79,General Clerk/Cashier - Oliver,Buy-Low Foods,"Oliver, BC",$18–$24 an hour,Part-time,https://ca.indeed.com/pagead/clk?mo=r&ad=-6NYlbfkN0A_EXSXQZ876MkP2AO_t1POXQWZkg1SyJbvZPvl8rPDmnFTjQvmf6E1LH9g4U2MkVkyXS31aixpbcGw47b1u5DIukH-Ri-pt7vRFpkqyRr9k-RR-NT3EYQmlUXQvoodd3IETNCQNGVmX6fNvmeYuoRWIbEA2G7J0aE9qwWS411ipzllWBPwQsBz1-4IXRxGpKgDsFns4YJRuOx6kPQqftScSfqSei2_cT8JOw_SMAU7F1K9DHYAO8vGQcMzZ9u60QytdV-fw3gsLUDK7dqPrgsWobx4VN5enU6lRInc73_uIqH9Q2LMP7Js9BGzo-5Xugxe6sW-h2ka1RKKSge3bDsf8T2rJyz3kWcPhnm-8N0YMwk8523XLNY8s1vDH6IYSjWjwc8ZsYrIFAjTSSYW8okiNo6Vi4MsL92Fn4TTDFLNqQ77e7WZWZ7kmDM1TVSrk1i3Yrsc7GiNDHpNrTA26R01buJodmNhibf5vOqN86C9rkVq7W5OE9bUDG8hT2DG0H1djZPy2FYvMjz4WA6zHT55_aCIDezZDLftm4hh2GSmVlsmpsBdkaktGP2oSSZmn6XFCtRJd2o5gU8tUwe_Uz-hmWOVPjQ90pg_H8ujxpuIFHbKNPqct2ojNaeOhuAK_9bv1GCI-ZO9LbHPMY2JF1qz1TzbqetlFjOtVAwoIjbpjM4E-qhk3iYZSum21RiqtQPLRLHn3dkhNGNDkX-oO_7PRlwQJtF_Y83bx1GKFez3FGLahhuFZTT5pMKbpvAxRXs=&xkcb=SoCR6_M3rHrnaKAN5r0IbzkdCdPP&camk=nUmJqO2E8rjaA4FdJN6Esg==&p=3&fvj=0&vjs=3,Description snippet not available,2025-10-22 21:29:21,2025-10-23 03:29:28
81,Cleaner (Light Duty),Dexterra,"Sydney, NS",Salary not specified,Full-time,https://ca.indeed.com/pagead/clk?mo=r&ad=-6NYlbfkN0DanzkQC6KnzVDS54SBVhEy-OinnG6OoMdDL8dvqoqQP-s0XlSEMunTcisF8Go9feJmHICoeIitydC1RTSilcIUA9JLaeg0PRzDgfzLLeGUQNAMAAlAH4657y9CMrHfPOzDnfavx8IIDaYwLmr7v_JfzV5tX7M3gipx2XcVxPe5KjOAJYLfKky068oE0SOIs_uf2mfxc6npFNu6Yd-7nNYn2dk0uVstpT5h40CwXC4hm4dpPFiWppzVAEYUBgQx4WOfs1RwABN6IRCKubmuEh3bhgX5CrkPp3QonRawv5PgkMRxrgw5ksUcSmNkVgWEwNIzEG6n5LCmiYLA47pVBXKgg9T6_a-PeD7XRbYBTVbC5xR3bmrTojasOS5EDJ3DqXncfsQPnRWz6--Isy1XfKebHZM_cZjU0jnvA3RMKFVI-pfe-HnQQ_Rn6pliPdNCnn2ADKqH79FJthAn23ijG9V7HRzfxuBrP91U1z6_sA3fqx7K07JE3SDwpbAiPZS8S26tIqOCJzZcfH-MsRS6MJqChwPcN9Lv2kaY78C9HvQTqoEKac9hSbNaZlD6EN1XCiScdKuT8Azi3-EcmGr5M7TI9Y_Jov_E9Zz1XPyjYMf-5OElbQYwm64nFVd_szqZMgtdzmWyLO0oC4VZ3VyBuxQ2EAEyAVjThbgqu5Ir-fwkbkY-8ef2FFhyCgCOWj5U50k=&xkcb=SoCr6_M3rHrnaKAN5r0ObzkdCdPP&camk=NFVmwABINBJy6gw-ukczIg==&p=5&fvj=0&vjs=3,Description snippet not available,2025-10-22 21:29:22,2025-10-23 03:29:28
84,Warehouse Keeper (URGENT HIRING),CoCo Fresh Tea & Juice,"Edmonton, AB",$17–$21 an hour,Full-time,https://ca.indeed.com/pagead/clk?mo=r&ad=-6NYlbfkN0CSdXfPA_g3THGLlPMuwXMWl4O7EXF-lKjAjd-TdtWyPR1knWHUzLQhBsMn3X3yZPOYFe9rgG7q_Yf-B2TDVh6S3LF0HTYaud-Ir_sTPj_8nZuj3opO9koWtVXj2f6hz7dWVFlKn1iVvGtreH-q2FtYlVBa9UUvNiP5BzWjamRkk0aNFoBiIsAtHQzE0rqpSgZWeiemklyBSuEnhAJJ8XhS_ZIv73f36ORbXYyg6NRY-nKLgwlhSa9tG70mniMR5sCJO216gKNLjDXpzoTfF_gO70qzWLrqdcGQSaAZs8KZG9v9hCY6W7tZsd6RVV_atisqbg9BdhaBBU0Q1bAO5RYPeNqwwIKrLtTuqJLmp2CMAtaZybrgoIjorFif7Z-FfnWM5sV8PgPs5vW2UqllY9OdM1nb5s__91iAevG55KpOj3r716R6EeYBFDJZyXCCCvcpFIKJunGlpHy94fhKZcCOAdAAf9VsgkPqSH6BtDMWLBoCd2HBN3Bh0pqCBf2iG_u-tBn6Pm-FRAUfSX7Ze8i1B3xnYw7Fuz8YillQ1NSjXFaXJLq0wI3s5pyGJ-et6gMFquR_Iqex52ILglfn9CR_VpTPtRdAfxQqe35lsYz6CHYtlo0S1S4qFj921N--G3RZYb1a30Yayw8izlY3QHYRrWmBnw3qF6uP4Gc5eJ_DWdGIrEvh6qg4&xkcb=SoBr6_M3rHrnaKAN5r0DbzkdCdPP&camk=UoKtGZLa3XJljJtcJCMl1A==&p=8&fvj=0&vjs=3,Description snippet not available,2025-10-22 21:29:23,2025-10-23 03:29:28
85,Spécialiste Meta Ads – Facebook / Instagram,Benjy Films,"Remote in Montréal, QC",$30–$45 an hour,Full-time,https://ca.indeed.com/pagead/clk?mo=r&ad=-6NYlbfkN0B-3vv428mq5QaYYzt9lDcLAWeFe3N_tn4cIneOEiZGR3W0pbQmGlmx_meCeyJ7qKghRKxpgHq1YU2SsmoIWE1KrSVj7rvUFjSg5KP2jpWaIz-LLqie77B2ZL4DcG6PflGWsTcIfg935AHN79gI3vfq8KKpsI8FeM6GLmXp0qB4KU6kCRgJfreGuyMa5X9ZcIVO4WF_kAeOVR9l36zkc6iJSjqdrFVRgB_wVCohJivc6-JRD7AjpW08xQcJ660xCSqIsF4qf4zbieykt3dYO0fWYFtLG_qomOweH8mBIUkxoCuQxQfimKdD5p5Cb9Pyk4WZjGPSa-dpCyg5415F9GlPZtV9-zvCSjkbn_FHgNXNdX0uUWCWai8__9pFeebi7TPHBLN9RVwwBMTdhXUPF1goWEIZm0IaXbb7VI7prTukSHaDr6MR59OinDCYjhimehKw4a2IYuIILlWf0KESkQphMVWkpeOo1reFqNH2RBQuRpZ-LHvHJDivn06jEG9PGAI6ZLgRG-4U4l2be5jn1VeLB7uMMM2LBEZdLbrNfC3c8x25ArDFnFe8hzLtVStC7mFGL8p9l_R4ND3AuWI5b93v3119015AnwTtMiHqr4UvJjhWAGSxtLmR4lxP8PiG0BIczCa39Nug6hWBaOdgadvwHUQ-Np0P-sFHnidHmKDNKA==&xkcb=SoDf6_M3rHrnaKAN5r0CbzkdCdPP&camk=ethIe0s0hecXaMxdK3vFVQ==&p=9&fvj=0&vjs=3,Description snippet not available,2025-10-22 21:29:25,2025-10-23 03:29:28
86,Manoeuvre,Maintenances Blanchette inc.,"Bécancour, QC",$23.46–$25.50 an hour,Full-time,https://ca.indeed.com/pagead/clk?mo=r&ad=-6NYlbfkN0BoJOsL5t-dByht7Cj8ukB562fsb3MGgpeSWHTcRiQIloYiQKw2UadCIAsocl0skVzuUc3NGzmFSmlf5NSLrEhoxuKBqIXsRNFltkLjDLWE59ktBy115jpq-xbSlvBgyClQSQjTDTtmsY3jTOA4mOuU8kj3vjxTfa7FCOPSQgdgOnReRFDRxswY03g4-tSWx-fvkBxi4yy_UehFRYcYkxffl90Ro45QLpOn2AVnGwyP8oqcZl113abYvjdr0lxTAno7_uLbc8q1rozehTyx5YM16uR0Aud-bHlz2EBmvP3WRaadjf1Azob9MaNkSA88ZPM-IZbTNkquyqTFPpfkUbHiaNwfzbdqkj14RQ1e4S_LGKhwLFRz-W_hbAuSnjvqcuVtnYpf8Y6lNdscMbztNkwCEgzWOVCnmwELvIizXLIZq4Qyeu1aVDLlRLGpqsvMIpSORmR41it224pQvtnbHfFFaZkMBxF2q9PVU2UvAYHpOSs-HwFFSmUcvEfFy39Og_vUY2RwELi0bQujiqI7DOrKLbCT_v4dZKL-w2ZbAZQoYEw45MiEJQlkdayvZZ9JnhMb2KMeM5ym6I4q1L45CV0mtUr6OGBlmeHo1OeokiLI11u6lSPStXeD&xkcb=SoBC6_M3rHrnaKAN5r0BbzkdCdPP&camk=NFVmwABINBKFA4AWgQ67eA==&p=10&fvj=0&vjs=3,Description snippet not available,2025-10-22 21:29:25,2025-10-23 03:29:28
87,Cleaner,Mopify,"Edmonton, AB",$21–$23 an hour,Full-time,https://ca.indeed.com/pagead/clk?mo=r&ad=-6NYlbfkN0DflfVrJKVlyeDE8UwRsTZRfrm7qD7SHVrVgGgNsP0ZG3DAX36rMRyFsZkPienB4Kl_7Aouj-QlfukpSTEsKnnDJWge0s07MLluwf-BRvZ0vqjwIbG00672hmliSoXu_hdTPDEnYilSH-WjMTshno2u7tGiXMDNTLJfTutMtVlmuq24trVdCiV93kJPEUxQ2aS4MidKzQ4Vc95au-KaDkboIikIPNBSygJPSA85vnOgWf0bhCWqKWPtpjBeaOlHYpauuOFh0TO2w79SU9PeXXkMfeEaCGHL16G81mjhTlTIq1zwCHLe9w2068j52ZidtWWlkHAbIYYhsRz5Fq8FpJoisGkJoCTs-s0v-_FX8PX9FK193pOxSZeThsPhyMfeSaofz01IxkxZFHkOe-0LNANHFzZzcfdPVTcCj_Bw0oSG6Vbh3ssYnhilMxNZ3iMX5gQDATjR8dZG3Lt9nLvBwOgBWn2rfzrYLy-WfOItHxMVan-JgUHoqLMh2927PhXXHsAlTsG9Cpf90G8PvLOdGpxAXPAxW7fVuvnwEiNSN9DSG3nNwLT1IdDTY1eCQW2OYCCohCvSH2Lu3yE4vkftJHrEOHP6PoDRQ94SWzQrFPbgmu5bUSmBPNlC&xkcb=SoD26_M3rHrnaKAN5r0AbzkdCdPP&camk=ethIe0s0hec0Ri1sVPZjfw==&p=11&fvj=0&vjs=3,Description snippet not available,2025-10-22 21:29:26,2025-10-23 03:29:28
88,Mover,Rent-a-Son,"Toronto, ON M6B 3X7",$19–$24 an hour,Full-time,https://ca.indeed.com/pagead/clk?mo=r&ad=-6NYlbfkN0Diu6zU1AXWTeEWuQs0aOxC4pqhPg_h9yMM7YnMOpstBepAoqygR_Cr_ZUzXvgzlI7F2MCYZ9Uz9LRFk4y4dwEfUflcRSfmxkXUTH5gAt6w2ryB8a_jHjRrKQqTtpqsRj6_fBhu__57WNZf3eqJ4vPG8VaDWBRfLE-zDSLqOym_DRBvi5a2XBc7LHlJut9LemYws5XguQ90EG2lju0iWvB7WNwRAI5BXh9RFHuEzrZG33_iOFx4JZ88QQ0Sf1Q_KgtiAL-2PcADelfaXW156DMwYRP_7cOX6uqgg2mkOtbEvMsXtuAGT4oXyx-sxTUa0YqU1pofA2fhbnbz9vQLUH0cHgfDAxbFOS1GZ1qOZDq5uzouT-UBzAEIeiR2CtFOhaec5tW32DXxz7n4oNGPY4V9Y-fB_M0Mo8Y303ghsmlG8R4TTynHgqawfdIR_c8lJ8fJHb7t6y-uynbWVQlWqDdhk3NdENjYnZwKwr8CPBEEDnLdlXiPu8ARB4HirAots89Qac3KUy69Zu6FnuTX6BrnoEmC5D0vhYnOCR-17hg7DN1TWDBadc4Ez2f7IZRkSdUfxk3rmv4pYiurb4fL9H6TZspibdYjF3wqHqTMK2cPfrRSVRoyz4lJ&xkcb=SoB46_M3rHrnaKAN5r0HbzkdCdPP&camk=4HOcmqOLYrBa9wtIZmmKJg==&p=12&fvj=0&vjs=3,Description snippet not available,2025-10-22 21:29:26,2025-10-23 03:29:28
89,fruit farm worker,Sam DiMaria Orchards,"Kelowna, BC",$17.85 an hour,Full-time,https://ca.indeed.com/rc/clk?jk=b8e08c1246a63029&bb=lAvkDa94FPOFsJDVFocLCmglQaP6WSyH8SfUMNu9xYoXxh3psvokrnGuJ-fFGSHnrtKa7pasg11Hz04k1huAoiTajRw0GbRgOIj1zsSUiFbYhgGRRPRIcaKmu8M02PDH&xkcb=SoA467M3rHrnaKAN5r0GbzkdCdPP&fccid=962d0d8d38c4139e&vjs=3,Description snippet not available,2025-10-22 21:29:26,2025-10-23 03:29:28
90,Réceptionniste,Subaru Rive-Nord,"Boisbriand, QC","$40,001–$50,000 a year",Full-time,https://ca.indeed.com/pagead/clk?mo=r&ad=-6NYlbfkN0A3XslQCrBXc872W07r2p-01rPdlQxwXGwyrvIl39X9mq4LxxynPLzCscR_y-Cc63zkxU2VFb-c1CjA0rRNKQZMcMZEh86am5eNk-7dEgz8Jq9S8APk4lNf5rnwbfcWravuzkDcbdCpM8Nt1a-srqD5AW6kW18vyg6L3oXiBtvWbkbZwkdjDD-jsqNFOzdCkWEt_opnkkYJjiGDWUIswNONLewYpyJf0wtNcLgAKReQZLoV0kxdA8fs-F3GUMmg6-pYJ1zPq0XrhMsAN2bBUTxoJB_8GNXmg3c_TZ6IWq0Rqrg9UAowA0Hi4IWrTrqZf1Ce3JfCNzlua-Jv02SV8clla1ClYp8SEwL7TEcIjT4p3xgP482A8DdCJOYxPoOhSY3GKwWg3jWriTNNXp7xane7DdH4fKkpUeSag1u1r_nKwhrphF3mRPLCYbXC2McUhkRcnspat3Gj17dsLyd1qjvNPGhKrRWSe9tX8r1yKJXPy7N7HyCOfSU6GrYtVOUEwofRL0G_JeedijkVELwF8wrtfqMntKf3BPHE1uAq6TepR2AdODQCbdtlK7up8LdTahWIZv4fJGl_qvt1aCdyOLHDNCPKqF-4yFBFEIlrPPJ1j7oFjw9ygn7O7Mooha2wCkKcjetW8zHwfP-ZfHiN_eCnrbFq_tPtLokfJf0ai5nZGQ==&xkcb=SoBR6_M3rHrnaKAN5r0FbzkdCdPP&camk=UoKtGZLa3XJPquJcI4Q4AQ==&p=14&fvj=0&vjs=3,Description snippet not available,2025-10-22 21:29:28,2025-10-23 03:29:28
136,Manoeuvre,Manugypse,"Quebec City, QC G2E 5V9",$23.05–$28.10 an hour,Full-time,https://ca.indeed.com/pagead/clk?mo=r&ad=-6NYlbfkN0DzaYVFLKXp8Ecb608IRATSh0Lfbxwx5y1AG0AJuOnfHuLVuM8lz3HGbo38W3fU1XIfN1q5W85y4bcsjN0HELO2JoCUWxiJFDWvw5XnblNENduUtHudegZLoHnWTOMgudQpoMEs3LBkS708KAd7a5M8GDcgP1x3kSdzmpUpQ7AogrCartb8p59od5pOmJsG-39iIa5tP7AEc04IxROIqIjmr4Axk3Uc9feWpaMhx8ag-15gJ5zhumAOC9oszkRIZkCGSxvXzGPyyYQorE8KqLSzM2-H6-Zs3symY4bYPup8twgspJbYVTK8WPFlY3OlUr6Lmfk-B1V2q40vqxWLRcNzTTASBuogHUEpPmoOcpEEVjdznYJ87IOl54vew6rdSvoCrF5R0J1v3lElVSk1zTDZJaVSB6HCnluEqR-fLllacrCvblXeJfhux0xqX6v4giwq_Q_UiYSXaLb3TA5MGJqmxx5A7tQb6IiWoHP5dWaKLg__nMzPr52VV0GzZLzT60QKTJJODCHNvJb7nFDmmQ-HkQkvjsDoYnhdoTZM2pL848u1LifENVfhDpQIPqwYqCDGYWCY3Q6rOmG8Tn2yZDWNtlh0PmnIgaCOUcUPcRWsVI9_aTsyKPewB40v3KxWilF7bMycz93e70QQIzLHco-X&xkcb=SoCX6_M3rHrlDpzSw50IbzkdCdPP&camk=4HOcmqOLYrDQHIQt4WDVjw==&p=0&fvj=0&vjs=3,Description snippet not available,2025-10-22 21:29:37,2025-10-23 03:29:45
137,"Manual Snow Removal/Janitor Worker-Remote Lodge Cochrane, ON",ARAMARK Canada,"Cochrane, ON",Salary not specified,Remote,https://ca.indeed.com/pagead/clk?mo=r&ad=-6NYlbfkN0CpdS9M7u0GHzWrQ_k0K2Dezfwlypnm7RQqVgvcrhYrDMRx8lRPWTPxjB5fYW5sQNoQlqlKq7sBe69ZHncHOTtIHN_6sJnFYKXiaJtXQN1R1T_hyny1Lut7mRQQAdskUrUfaHWflt6rN9ljLjGO69_WZHdldeKUA_rgBIW-1Gr2UJeQhpoa6D996V9qulp4gBO9oxX0BZ5WR6X_W5yBWhGmca21kE7TIU2_nXCVJqF3juYlNHD_8AQrVKeTJICPbLUWU53tmRTFfiQ_KOcte8dELq57tbDpXMfRuSiaB3eXIGN00ZGuS7NYbcSnrFb_SHhnF_74ShmQsFRcB7koaXvDbgL4xspMDVV8QEg9NYoozha0MQscaSXdiQ4YZQWQ-1tbcoHBxkgMk3qg2JAw8zLL-Fr77OK2GIz93euvj4MoaCC5df0mRQ6FBT9yw5-ZDT1q5VvJ5VV-6XiJ67oFbGSzJkXvc1sh1UH1N7uAsW9FtQVd8yUugaee1sG9lv_AdBdqxWrpwU2y8hF3lnnDDipP9UDmuG4AnhQAmUfFSMhLhTrE-8mQiz3f2xbXW2I-4reRLEiUZ7bPRZg5zKbi68ZVgld1-CIjbq9jr0wCt75uZDgrL829RDLa65xt28LGYtN-yTyvOT5dPOEJIGZboojK&xkcb=SoAZ6_M3rHrlDpzSw50PbzkdCdPP&camk=UoKtGZLa3XIVrA8Hy5QZlw==&p=1&fvj=0&vjs=3,Description snippet not available,2025-10-22 21:29:37,2025-10-23 03:29:45
138,Picker/Packer,Simard Transport,"Richmond, BC V6W 1M1",$19–$20 an hour,Full-time,https://ca.indeed.com/pagead/clk?mo=r&ad=-6NYlbfkN0C6AgbEQdgqrE_h2Gu8MIitMTnpYm7LeDMO8THhbleQnhHx_tS-_l8UDLduUXc35oEE6nJTENUJcuQQcI842DL_TWKk3Cxs0KBynt-LwwocH9-5fEBsK7Zver0kY600iTGW1toRBZQsCwq8l9MoIcgxwZEaBQwyOOKdQf6EJRvMGBi0F5GMLv7aJtsGV62VR_0jSePC8Qow-bxLziTLQNsxrzZuon6AqIRu25eS-ceFQQACa-90tzJxamaWuLvyr_UEY95GzqrPDEnuVNQ3-p9LrJoJUPYDMDxkkVj_frAxFI-Mfvkb3NalMCCdbizD3X7IAn5lm8cfuAmbLseKvMxQT8Bddp80JR2kRt75IjiSzA_WG1S-7zYr7nlMO7GJl59FYnziqgjiUzhqpuzcHF97SKcn3btDWk8eUZ04KGq4ZV7_nF4WLbEELxhbf6S4U7Eh9mXgFj5MRTosKYOV0ua6sIlSlj_TD7AKTDXXyEeARtCzS4mf4cDhXZPgYmD1gdz98z0nRD7H8y1gCQxRDVR0e0RtrDpm1B-aGO2bnym-P5BtXSUdfI3XZ1AfgqZrPCJJu14VfB6RV6IZAz2cnAi1SJewUG4DwQvutSvhl179lOSj6EYBsWA4N0RoczrNnRI=&xkcb=SoCt6_M3rHrlDpzSw50ObzkdCdPP&camk=4HOcmqOLYrChytkowCOKaA==&p=2&fvj=0&vjs=3,Description snippet not available,2025-10-22 21:29:37,2025-10-23 03:29:45
139,General Laborers,Apollo Forest Products Ltd,"Fort St James, BC",$35.15 an hour,Full-time,https://ca.indeed.com/pagead/clk?mo=r&ad=-6NYlbfkN0A7AcHFEAcMZq_jLBHVa7MISVqBjBVmoq1CqDuThrbwLndEJclyPpg3IAuV_W1Uda1MXTIL1EXoL7Nq069LtXYqGkoS2jg_BiLcXOevEbgkYq6tcBiwi7PoEIlKPpPk7B7qt6GBgQX8wvdyV1nTekFSkeerr9H1cqSjAvRz5RysCMCtrM8Pf1aqz5gXTz4YcRbpCK-oRcClmWzkJRXai1_P1GZ_hFR-R3lRXrVhTTPRq7cp4Bn166sF1k6jeBl2cOxMLYOya6JAbuESkrEHiFQlyksnj1uHr8q-HZEyjgQuCR05ikusPIKXriMycYiRQL3QHLAK13P7h_uK86FGZLuU_IbE7zVfjezLnvM33YDM37C_KzvFKuMyF04aSUVgy2c1FklLjTQ6N1NOCeedk2vHLycFkCGrNIHS6QDrlhQhHCdz5q41eHqEU6EzCv_S32D7VSh1X__T0j6zRf04I5iBKGSnCRLP8Bc3dTa-5Xd3mDTbvXHsxtLwnqHWYwz1XfBjJJxufo-VKumM7ekdwbMTbKCPK0An7GHLG3Txc4NRQx2cogw-1ODF7393fD2bO-YuTSsAkdXdXcDsO-BaZOcB64Ce99U8476n_6lymWzS-8hdTTrl7UTnl22p_ixta6CJOamIhaLarDkRIdykRLNOgB73fZK-ohU=&xkcb=SoAw6_M3rHrlDpzSw50NbzkdCdPP&camk=4HOcmqOLYrC0FpwlkuE7gA==&p=3&fvj=0&vjs=3,Description snippet not available,2025-10-22 21:29:38,2025-10-23 03:29:45
141,Customer Service Quality Assurance Agent (Part-Time / From home / Day time),signature Canada,Remote,From $18 an hour,Part-time,https://ca.indeed.com/rc/clk?jk=d83a5e442564bfd3&bb=s7j5azeqxAW1x1692WYSs-5z9LlGi46p3hlnwBDQtlh42B25QyC5jfSGfugjHXmGubIpSTppH6W29q-dJsltgAe58VbkqYpA_gJTpnqCFs6Xq9A2nxitOeqz97BnRZUL&xkcb=SoCZ67M3rHrlDpzSw50DbzkdCdPP&fccid=3798ae7f121ad7a8&cmp=Signature-Canada&ti=Customer+Service+Representative&vjs=3,Description snippet not available,2025-10-22 21:29:39,2025-10-23 03:29:45
142,Cariste,Fruits de Mer Lagoon Inc.,"Granby, QC",Salary not specified,Full-time,https://ca.indeed.com/pagead/clk?mo=r&ad=-6NYlbfkN0BlqTRGOB7-_STwhZBDniimIuBWyL3IGnPEX4lPF51FshKd1JK5qIqwMPTE55Q8peNpKQv491dCOAD8GpVSt0cjxLRTsVctiuCI2XcOf0f4fjg_O4LWCsqNf31kgiTefUW4d09A2VKDUG9T1c4I3tylvaw8jy-gv4kCSS9_OKdOLz73YUcMsZuA1D6TKFrMMGrtCzVvPqhMYc7mJ6mi4MxLrg01UyrOTe8SkxIN48VOgSLQaDNAwkHnGBhhpjRkDvOYiOBfFu17vORySiY_ZJCoOvZjB19YyWbxRBAsbJkB_AjCX7REBAAYaMIob5DTrILi2ipmUtkNUeIlSXCCUBJUpXWA17kcqzVpqRzRQ-JqbH2t5cKd6jySTRZhkLtTjY68RWaJVVhd-_LuWd2q4czLc4Mc9Ci_InzBGYhtXw1sgt26SPhFqv2gADWIkIhA4IbyJeprfMpZyPqzhTa4ybbN7dJxc69Er4-6FTXo6xQyqx2Qmj7kMSgkoecr4exxH0al81ol4docRXlgAMBfGOUg6Kp2Bqbp9vG990NeRnpskTdqIvIyqDd_CmgZGY0jiOj6evccGdmrI4P9i64h6lzxiDFXV9DocAK6tRT9aDznpbXQoU83vXBt&xkcb=SoDZ6_M3rHrlDpzSw50CbzkdCdPP&camk=UoKtGZLa3XLSo4IDXaaz0A==&p=6&fvj=0&vjs=3,Description snippet not available,2025-10-22 21:29:40,2025-10-23 03:29:45
144,Commis comptoir/Entrepôt,Westburne,"Val-d'Or, QC",Salary not specified,Full-time,https://ca.indeed.com/pagead/clk?mo=r&ad=-6NYlbfkN0AJk320hRT-292pXbx-R_f4hRX4HxCZlgxDErjUhBtMJjm6esZl4EIzuxEA-_xTbkrKM9Ob_kW0tbFd8yDQS-QZ6GqrSdGXpXdL8CGZz1eQUAscshJN11bO49QJLseVd82kJ1Mf247xEujNeR3sutcn75musCXbglXUXr3ye8cCE-cRVnWGYGRoG2TnHvxZhQxwfCMi-rxs32fRpLykV_Xw5EJx4MW09N09SrzxaSgqRED2pGQk769z1IQ2cdbU4RqGvFT0Ej4r9MqouFo_0ua-kyxhandAEP_iv4FjjtKqQ-NFh5-LpiidTbDzy1q6LoeklImK_Bh9nILTfnob8fItV8LBpoDRF1oKNQYj0xypyMpB-m_JdRtTtbwOnnaC7lpXbdiC5s9RORNdDrz5z_LbdUOaTohzsXBAQ2N33ta5YyFH8kEUt05jSRF92lX21ONRrvmDXuKjuQ3ja3UfA897Nt2UP534bDM_-FTa8doj_VcoPOSR-HqAkW1TGBwbD9Xnjw2tHuFUzxtEkeKYi1S10dqhxDEAr9EM12eru4xwLxyuiT-QrcbD888ufiYoPDbjOaMP87LIZHq1o1kgyhchPU9-GbLyKGWOXuBA1YO5vxuJE9d1_rbP89AAgZpNX4p7dlYPo_iPlJ95xdwRdxTD&xkcb=SoDw6_M3rHrlDpzSw50AbzkdCdPP&camk=nUmJqO2E8riLv2cKwAoquw==&p=8&fvj=0&vjs=3,Description snippet not available,2025-10-22 21:29:40,2025-10-23 03:29:45
145,Livreur,Bumper to Bumper,"Quebec City, QC",Salary not specified,Full-time,https://ca.indeed.com/pagead/clk?mo=r&ad=-6NYlbfkN0AkBy8OJiIRGfdhcCFclcnGIZYYjzmT5hjPDT_qdnglS4hWcKygaQxhYT0BZdWB667xMY4_JgZDL5OHjO0XhA_-9Eu5X8ahJVOT-P85jlfUWIcem8lSSHpnKgKr-2TX8DhgiadrLwo_8QPisMVIa9d7FlLc8hG_Xsu7dv3FqG2WlMX12rk8tiyovDN5cs6hybR1e2FvImhoLNt6uhXoP_aMp00QN21EZfWehjtPv_qJIJ-DdEKn8rkaYuHTy6Mr03TVV4CtwRq8cisMDA93kBxuMuNS9zLk_nIShiuxLtXicEZjKEGUl0OQXaCZenR1_ezAj1QX_5Awox10hFXbYerwG4ZnLJa8J7mtLIQAPMUmBvsFWlz6LSQCWo-Vc_JEH3WifVs71Pc6boNRu_1e4L9xRAzAuUd3zh_HwQKCeVT3_a0H-4hdMliH333sUMyy26PCntRaKqmqXyJ9LS_aJpzKqc64RhHvJ-9V4EQ2SY1vNPG8xkpbscblrBJ31EojdAEtbNCqnrtKCVU14WZtFVXrnAkSCUJMkxwDN6L-vjSh5H3Ku4tnHncAc9dF7F88boy10fq3LPTP2seOGXpU8ujku0aq04dqUTrNezTVHr8zjleTI-lyloBQ8PvmA76wnU0mYcQREvhR2Hrdo_1rnQ81FTMGvW9NawrsdHPD8ffgl1Y7kmkenOLUDiRCy7-V6B0=&xkcb=SoB-6_M3rHrlDpzSw50HbzkdCdPP&camk=nUmJqO2E8rh4gA16VrYJbg==&p=9&fvj=0&vjs=3,No experience needed,2025-10-22 21:29:42,2025-10-23 03:29:45
146,Delivery Driver,SkipTheDishes.com,"Leamington, ON",Salary not specified,Part-time,https://ca.indeed.com/pagead/clk?mo=r&ad=-6NYlbfkN0AXcZnune5Plq4fjyn8G_oNasI1t_hBVwDB-7MT-Be0wfZYCQsQjmXzEGJ0LIanm_WBsewYti4JXlWbRhljXRbBRB2W-Z6fSJwXPDKPTK92Bx8mPbc3lsLUwlYcogDOUbszeuEYxO6EY9f_m570JzuN42g0i-ecYgvSXEfhqHydEg8laEynSLGg7YnRkxkx6h6pRVdeBlgn3ZCrytHkDmXpI197TWnnk-I3uB7E8TL7ttFYuX5pc52T9qKqdA3ehK72Sxa1SFsTS4VuS0bLctp30pUBIxdorzJSkwgzJ1-vsxiIMdnaBsmNPmlPB3oN5R7xdvFWShJO4x4SfkmU2bncnNlK9wCcSX3hoz9PUb_y4u-cvegSFa16RSn4J_Kyp2pToePuQ-5CajsgMn6GXTiPgjSpDKQa1aVuphCeRdcd0xVGeSmGFCoWyM7gRATI1i_2fmwuG39MNxuSxGXIQGxmB7YpNvnVgPebJNMsZi41mQ7bBFIG6H3eOdvN3LsU80MmG6mq8NrTwWu9f9pJdymYq-3ggk8emJgGgdYVlyNiJDLry_ahaAx_ccgJ9UQvqYXdXGvsvDsYZONjHU-4Wyr69zJILFiwLIAUrx4BuZKk7S0lzv2ZHOxNZDjRGBOxIOa0NmcBfnCAPpuVcPJnH082L7p-OY5AQQHUhG0sKODY91t9yJoOZ3pZG71EG2MKLUF_rbiIDvjp32I0ZrtL84hHm6hNdOnLRSWGkaMeZAZx66ipnCeb0WtO&xkcb=SoDK6_M3rHrlDpzSw50GbzkdCdPP&camk=UoKtGZLa3XLy-EPwybgF3A==&p=10&fvj=0&vjs=3,No experience needed,2025-10-22 21:29:42,2025-10-23 03:29:45
147,cleaning man/woman,PROVIS-RUDD ENDOSCOPY TORONTO,"Toronto, ON M5G 1E2",$17.60–$19.00 an hour,Not specified,https://ca.indeed.com/rc/clk?jk=f798152efa8db9eb&bb=s7j5azeqxAW1x1692WYSs-AcXurWVbKspZvoT1mk0qIj8phUXRiZitU6dzdxb2M2zTdQUlHO6eEdnew2fYpjRKw5LWqwDBj6JvYi1WBSW3gvrOPRmDNuBrzZmdAU2bK6&xkcb=SoCj67M3rHrlDpzSw50FbzkdCdPP&fccid=3b20921276c541ae&vjs=3,Description snippet not available,2025-10-22 21:29:43,2025-10-23 03:29:45
148,"farm worker, general",Witdouck Farms,"Iron Springs, AB",$17.98 an hour,Full-time,https://ca.indeed.com/rc/clk?jk=f92c8d7432af2cea&bb=s7j5azeqxAW1x1692WYSswK6UZf8praqwQFOFR5NhZ_FkBc6djiJVX-euDn_omc0V0X5ITTunwUi2g7RHtoHM-5_4WWRwbtIpQk8KRLGGur_-IzNSb0Oa4VEz2d4U2Qt&xkcb=SoAX67M3rHrlDpzSw50EbzkdCdPP&fccid=56a88741912fce99&vjs=3,Description snippet not available,2025-10-22 21:29:43,2025-10-23 03:29:45
149,Customer Service Representative (Part Time),AlgaeCal,Remote,$25 an hour,Remote,https://ca.indeed.com/rc/clk?jk=9ecb9f70e9e592fa&bb=s7j5azeqxAW1x1692WYSs9PjjgOvuqPtF-uYLwBh7l3Kqxh1zgr2SipEDflZgIUGhLFklg6gdUsq0yuNanNCPhGtq5s3RPRKgCL44bTuWDR3v6G1KY66NP3LzNy7aOV8&xkcb=SoAw67M3rHrlDpzSw50bbzkdCdPP&fccid=e6783508af9915e5&vjs=3,Description snippet not available,2025-10-22 21:29:44,2025-10-23 03:29:45
150,Customer Care Advisor (Remote & Part-Time),Mountain Equipment Company,"Remote in Vancouver, BC V5T 4T5",$19.18–$20.18 an hour,Part-time,https://ca.indeed.com/rc/clk?jk=4196acc9375d6637&bb=s7j5azeqxAW1x1692WYSs-k6ndTOTNHXV9rnHoZblGSYe1GPgwEURgSQi2L1ccKuUrrcH1oPN1C9gxT5UDuJq6iFsuuRB2maJNSO7Z5tL3K-TEP97C6aLgCOJ2TgmNh5&xkcb=SoCE67M3rHrlDpzSw50abzkdCdPP&fccid=afef61d681c808a6&vjs=3,Description snippet not available,2025-10-22 21:29:45,2025-10-23 03:29:45
212,"Billposter, General Helper, Astral Media",Bell,"Toronto, ON",Salary not specified,Full-time,https://ca.indeed.com/pagead/clk?mo=r&ad=-6NYlbfkN0CULRPLcJG3P5GX5ofzsfTxcTt8d23SnGP07z6uUyizPwTehpnmEPjahLbCDs5sQrUeIH9naJ-3FpIBhEsvaAOBOqb95AqSMiZBLwbr4ILtCwe9DqpRKLwNtMAnYJ1WZfDpjoClVGpLJd4xDe6HqhVtBhZWdQZth9cwmeZayscs4eRQAyCBLvFriwsbPdYHTzlTyblgFJ32f7vMJiYDtxVYs9Qhii_UTiktWeVSIE01bpRZUz1ybn1tElnPMKd6S2lSfPj6zoi_6Wem3Wn7aujrjFMOV0vUD0Ki1UCr-pCSSobCtFeP_FynskJyToZby--t0FMh6_JJgWr6IMckGWKH40kWbvEe-3251bt6yA68pGtbp5KBHXq0Yf5LTK0sYlcbNkXyyy8W1kmMRvGa64z3l7BtwCyMmcktmecIimqnF9ZjJURZWiwHj3N_Vpj1vkbn6pPuZACNp9NbeE1cOtAMLKa6Wky91-IeQ9KEpD79pIcjqYwhGdXBwdZzAOC-N-EuW1SnoD0O5HoPdnZ3qgOsm1L4TFnfwwPVoijvfs9ZNeuJSz8lK4cTIDY4jCFv4GXeCFb2CD2d6kjHTheYAQcSgbdAnqWoAh8MTxi-M8TG4_aKulPaGDYJy_EoVqXUwBYhUyRssypsMkbWz4IwBFDyGSt5rZwsRCiE3UWPGspBL7OsJpxtd45D1OIovEkcSEvFW3D-fWMfA2SzOlJ6tlkfnEf6E7-SD7L-FDX0GiXzhxwXZ--Xq87w&xkcb=SoDQ6_M3rHri2oSg8R0KbzkdCdPP&camk=ethIe0s0hedSUe9lGpq-DQ==&p=1&fvj=0&vjs=3,Description snippet not available,2025-10-22 21:29:55,2025-10-23 03:30:03
213,Commis d'entrepôt,Motovan Inc,"Boucherville, QC",From $20.10 an hour,Full-time,https://ca.indeed.com/pagead/clk?mo=r&ad=-6NYlbfkN0DEMcHEoLGMVN-RhqLEUt4UNAjwSrtshnBs5TocNddeCrbLi67DReHGCWN_7XwbEFrFjgG8B3qtaVTmjLfBdrQfpc9AlWc6fPu2BhV6hSBq-DuXoVMsYTrEy7-hxP2cDhm101HbDu7ktfGV1BaLrcDYxIdvhil0lS_a3MTVj6381CrkZbIIXaPAUW1hT9miJo8nRlxk4p1QFh6s-gvB7zuglWCmOrLLqz3VId6tFyuI-WS2VJrJ_aAZiDVxU16wygby_WBxYq3l0u9rKsDWIuS9jbK9268rBLnyFIFc0-qyKoQgxw65Wd2zdccBNifNOUtOEuC3VNC49ructHJ0EmXVxh3t2zXdHdOO5d7oFBJAejpyhPRqwUt477Ef77m7uoPLAx6_yp8V6eFyhIppiLPvOo5eK-jFv0FAz61Kgdsb3iFr8CFHu7itsQV3rt6VjlIxan_28Vze86Ss0gLlufNwGEiy0cy_4rUcWp_L-PP-bsW3tKLfbQd1INgFDCw9BBdaKPC73vVJlFdG4-Ddp83Ykgt4dklLB8FrCiYtPQZ-B2BPzw60MV18BhN9rCOyAOj5fQ8Qx_pdXmVSEKj_bUafrASob0P7ZjCTZfOMIfpOYT3TNIA-NlRYTz_uPSfsNRpYGTJ2NyYcUg==&xkcb=SoBN6_M3rHri2oSg8R0JbzkdCdPP&camk=G42KULXkIwPMI4SoTQ6gBg==&p=2&fvj=0&vjs=3,Description snippet not available,2025-10-22 21:29:55,2025-10-23 03:30:03
214,Customer Service/Inside Sales Representative,TCA Consulting Group,Remote,Salary not specified,Remote,https://ca.indeed.com/rc/clk?jk=7be40a28a53b086a&bb=YMOtnADRCnucoFuPuNzEpChjnSaopayqVfBjlBTWiAV8N4pCOl5cQApTkRbYkDAIggOmg58E3iQKotrPibh4hWTNgNtSTvcNhRMtt7VL77VkXEHqwR7EaRlgCAizrAYI&xkcb=SoAN67M3rHri2oSg8R0IbzkdCdPP&fccid=43a402575786124f&cmp=TCA-Consulting-Group&ti=Customer+Service%2Fsales+Representative&vjs=3,Description snippet not available,2025-10-22 21:29:56,2025-10-23 03:30:03
216,Magasinier Entrepôt de Forage,Forage Andre Roy,"Saint-Rémi, QC",Salary not specified,Full-time,https://ca.indeed.com/pagead/clk?mo=r&ad=-6NYlbfkN0ATehPl9X0MJcnK13R-TRY-fnob691432Z5W4Vfsyx3lWDUEj_4N_4kPmutcfA46rVR7KMDR7suPTtdlrSpgnTF_4gI4wlItnu0gndZ1pbTGAgIr7KUnpaigfgUfNzVZ2ciunCSCwAGvP0U8NxDC_8L9Z06UTZql960LauImJEv9rEPoM530ROGFnwCar5ufaH1iTI3MJ0jTqyYQzaIQ_UGqBdbvTE3dKeRF9Ws6dx8aMsO-savQT8eH1akU-yio38j83CO0qZlAGr--BYlWopDyTcF7rf2pcwnJgIYZ6UMWyJ9QTm4IvI94RjS2m_k05oM8kHenMZOyj471WRHpaXmlD7wMeYjTGXR68xlv1_ITTTwPlK0JAxn_dSKD7B9xeg43mdNzn3_giUGaH9C9sRtP3a848nl7KAiLfWX04VPdS4FXEBgiY0ZJbToUUYhmG5yZAkUyN5doHt3uRUXb0yJlYnT7eueAHv8PRrKxxXMHJ_BWNh6l-5Y247cw5C2V4AX8ezo5REISd9D-xcm9MF2sImJSzed4oNclRFKhBbMl0E8oOsxvxh1H7G0gU4wUfIS2wZ8hIuTQCXTm45LRpJfbS3Z6hB-NvHvkrc1HDClRK_BhG3i650XDKqqzQMxIMSHeYfTMuhKo6XTsj7T46QMEBzWP_FQAEQHmfTmqm-QHpy954qJZ4Ng7fWpO4htFm8=&xkcb=SoDD6_M3rHri2oSg8R0ObzkdCdPP&camk=UoKtGZLa3XI94uGntUdfjg==&p=5&fvj=0&vjs=3,Description snippet not available,2025-10-22 21:29:58,2025-10-23 03:30:03
217,Plongeur/ Plongeuse,Ben & Florentine Granby,"Granby, QC",$16.10–$19.00 an hour,Part-time,https://ca.indeed.com/pagead/clk?mo=r&ad=-6NYlbfkN0AtFyd66_qHLoxCapfB088Pl17IkAYaooxqFdK9TpCn-xbtJPJSmeejteD5uVYTnfeAN0lWghChQCvDr-tkEHlzvQNxA6IYMNXj0DH7GXPghkHOjKKgOFYDFdRFal5Dq75DYhTVn__KlwON7y3pnT2liLqRlCRI5_TErTeciY47BE8rcQcUG5ITkbFWj4po4w_BjmLASxAQ9giIDQFkvP9BroeK0_DPFmvowooq7cCA-SOF_I0kFW-cBb46mURMf9eDscfoCMtWRyzYD2O78n4v-edK5TtiL-iat2d9yy16vWXjyKwJYORjqKjsnOUk4AG9yajKPipe17418ZbhZjHQg0pi_JgO1bChqYg1lNp5OBASdWtjTHZTOiG2HpmxF0W3_-rqTIkgB34ZhgcEDSl3K7g1bSiZyGH8I7nXB41obLd4xaZwo0qaxJFgxXQshAmLXoDasP4SSSb-jl9FpvQh0SWGi0JF9spjTK8f1muJ7SjVCvTGiMSs6Pn3jBTpcfMxEqM1EUULUXITeCP-5rVNAv7183C71_xgea1lXwkFDTxZi4N3GD3ASUgACz0KJD6H3sXB2Lxvx32XLbgcC_P63dRun2X1RIpYuwa2vQlYcv6w3_3xNRKnKCOIMnWTwx8=&xkcb=SoBe6_M3rHri2oSg8R0NbzkdCdPP&camk=ethIe0s0hefLZAYh3x8f5w==&p=6&fvj=0&vjs=3,Description snippet not available,2025-10-22 21:29:58,2025-10-23 03:30:03
219,general farm worker - harvesting,HCI Farms Indian Head Ltd,"Indian Head, SK",$24.49 an hour,Not specified,https://ca.indeed.com/rc/clk?jk=5515411010a78201&bb=YMOtnADRCnucoFuPuNzEpAya5kVmYH-yMCQjROtpGjgv8h18ihnU655MZX5D4aj1QuCek9corIndUfpk69xmvEy3Qmz3_j1i3HQRv59HBDei2VuNn9OYW73Nbi5-E19G&xkcb=SoD367M3rHri2oSg8R0DbzkdCdPP&fccid=920217aaed311321&vjs=3,Description snippet not available,2025-10-22 21:29:59,2025-10-23 03:30:03
222,greenhouse labourer,Bloomhouse Cannabis Co,"Lively, ON P3Y 1L2",$18 an hour,Not specified,https://ca.indeed.com/rc/clk?jk=4c207affa52e9cae&bb=YMOtnADRCnucoFuPuNzEpO0KR1K0OJtXbYOyBT2HIvvoMAGc0fobuvgx1PFhzsoIkWB9uI-_d98hTxkF0PCs9ODMn2c4MXFbgcVFEWpb7P_N0BOpLxbSY0N5XjzCwbb8&xkcb=SoBq67M3rHri2oSg8R0AbzkdCdPP&fccid=2902f9a823ef066e&vjs=3,Description snippet not available,2025-10-22 21:30:01,2025-10-23 03:30:03
223,SANAJIKSANUT - CORESHACK HELPER (FLY-IN FLY-OUT),Agnico-Eagle Mines Limited,"Rankin Inlet, NU",Salary not specified,Not specified,https://ca.indeed.com/rc/clk?jk=5a2cd7759e15c996&bb=YMOtnADRCnucoFuPuNzEpNY-XC0uy7xfHptgyQcE4BXr6E0zmbOwOFnYsnPcdiLTiD5SpTnzft_zVRjw3CXjlUqRcCBrARCk_sZRkHzyCYg4D5s8EdGKodKmEXWdDufZ&xkcb=SoDk67M3rHri2oSg8R0HbzkdCdPP&fccid=c8414427190b0070&vjs=3,Description snippet not available,2025-10-22 21:30:01,2025-10-23 03:30:03
224,Private English Tutor (ONLINE),Tiger Academy,Remote,$25–$40 an hour,Remote,https://ca.indeed.com/rc/clk?jk=f2012481272b6868&bb=YMOtnADRCnucoFuPuNzEpNvvZGQSTkqC6a-dPow-0YZR5shlNkJwkwSEggeW4mkdaQne5nkruiZDQZlSbUzbJtyRv4FCiALu8DtQw4brVR2YM8zprtc1FSQgxKMlDaQi&xkcb=SoBQ67M3rHri2oSg8R0GbzkdCdPP&fccid=572eaf27296e341b&cmp=HALLELUJAH-%28Beijing%29&ti=Tutor&vjs=3,Description snippet not available,2025-10-22 21:30:01,2025-10-23 03:30:03
225,Dishwasher,Freds - Kitsilano,"Vancouver, BC V6J 1M4",$17.85 an hour,Not specified,https://ca.indeed.com/rc/clk?jk=e1421464f7fc336b&bb=YMOtnADRCnucoFuPuNzEpM1PL9kGnBBfQWK1eNx_ISdNtRmhnVy6gJd3_XB9C9xzC9ovVBakPN2eHxNNWx4VFzbTFUW2JsToEFMnRjwPMeMTH3ExJ0pdUabkGH3VPo0f&xkcb=SoDN67M3rHri2oSg8R0FbzkdCdPP&fccid=dd616958bd9ddc12&vjs=3,Description snippet not available,2025-10-22 21:30:03,2025-10-23 03:30:03
228,Office Assistant/Receptionist,Precision Services,"Massey, ON",$18–$23 an hour,Part-time,https://ca.indeed.com/pagead/clk?mo=r&ad=-6NYlbfkN0D2T3OuF62L2-0wIEZFrcCHbD2u48rHcpcgV827XwVwtbFsqDqj4Xxl81UrvEdgY2RPZ-8rw4l10lJJz90eCmhWOIu2z1QnlZi3r9NrL-H15xrAfx8aFrg7PWwIFz_7Ww6IkRjrKbjt1qxQjYG3pJNg_xPpRSxeCWpO8mu0ZnF_HuS07TWpDUM7jpCuRPpTuI6YY9KbfqTJWVAH59hTOd6RHDTgcNfgu4eBBTt_E-7l0LZJ4YamuLR-iT2kuo3tuqUEQoIPywDwpu4M_0_zEJq-a1lmrc5K_Zu0nxIeR15Dxd2WdTxJv3xK7gpMUC4vM3igpOrHzeSsL046wnHYDyi5B0VnaMWMN0voVT2NaCcnY8KrSJs852OerZiX7-3rEwicCJ0fwY4byN9NyHQpE4FjidkN2XXZouV1A1uf-S3i5fCmnCJv4ttG3nTUYLa0X67W8dlMHiR3PjGGWjJQnuDFIuuyTsc8TXM3QBOFj-3oDMV6NcX2i1EAfQBneLaNXiq0ApgYuoFwDB9FvenXIqwx6suw82EISTzyhLvX2RS-K5D6zQe1n1niPESxuE-yxPUWRxV1mUUnXxejeEGAfIr9r6P3nelau6Ak4rahEuEXyYHukDtU9OlkcMUGm0edwJHBrhF6F02vS3_-w4IalLW6hYiSCiBFtxI=&xkcb=SoC46_M3rHu6sSwySh0JbzkdCdPP&camk=4HOcmqOLYrDYso2jagGrWw==&p=2&fvj=0&vjs=3,Description snippet not available,2025-10-22 21:57:26,2025-10-23 03:57:39
232,Assembleur,Thermafix,"Saint-Nazaire, QC",$26.92–$28.17 an hour,Full-time,https://ca.indeed.com/pagead/clk?mo=r&ad=-6NYlbfkN0DWrgktzG39REtovnX72jteiQuCAfAxv3X0ZxllmzJ_D9LVoZ7_VWUeBWZoVOzcyiJ_a86jbMI2EviF0n_djon9Oog7nrYNI9sRO-ZKNn77lhIseYM_l3n16zamBfjLPvj-bRdWPMxL_62Ujp9gnE6qMaA7OER4_6q4yK8Ut8CsATXKDyRyP6-tF9k7B-YKjyXmZgalSjDlOSmzHzu464Y7jPhKhAAiGsYIolCmnpMQTNM33bxh6oOykjqiRMwiE_yL8JiKUw0rlB3Pb9FeKQ2TfkWH9wtlMbwn3fTB0koDl-ACHu-LiI68ljnNTgC-7xmpAVfYixyZQUiXE-KeNJWwYzheVYjpdZVOGU3Ipg4myTU9uLsUhob1K3OxOgl4_f_54KwUpsAy4oKzWgXIFH8ZGIXERNpNzBVBlYgFqKPAo4QrQ42vGt6Yz0RCtSW0cp1zjzJUuec2v9IhdovGyWYvg2MSimd7C9I6wKvbdBfC75mny3t5mpcvCNMLrO23H1a5OaZ_AHZo-Kdz_i6bLqobzzrAy6H9iKEfvXUfbCwZkScgH31chBAdkTX0JbKeE22POlBJedzO5MDycu-j-1fcoll6-iYxPAtrvMBpUkylsIOInh_lBJzugsW0XTTbD18=&xkcb=SoCr6_M3rHu6sSwySh0NbzkdCdPP&camk=ethIe0s0hefP26NpH-d_2Q==&p=6&fvj=0&vjs=3,Description snippet not available,2025-10-22 21:57:32,2025-10-23 03:57:39
233,Train Conductor,CPKC,"Kamloops, BC V2C 3L9",$224.65 a day,Full-time,https://ca.indeed.com/pagead/clk?mo=r&ad=-6NYlbfkN0DE0TlGCUyT59J9S6XYJi8PVlJmtLBsU6BTeRR8-_eQvGtk7d0SPicbQT-QfUuJB05qRETdlifUFlE8RCVwEtcaJUZEodlhCYycvRcGi2VDTStc75L4P6eB1ifp2nkpltjLOb3q7swVAd8rDO8Q042WSp7WJHHDz6v9d953VeGxFu4QqtEMvNS8krbmS_i1PD3xUEQ3_KJnIpUxVK2MyJ8njDdsJhfh2a-hg_SnjcONMeJFZIOSuzd6qmtDaIsgncy6nYKn70n4h4m0bV_EqcYtRcvfBt8sU8yY2_6Az3fgDpTF_v2KXSFVJdWUVDkvYYrtxUmjFq0hGjcoGcCXvMlgJL6jAc1CwUu3BRG9kr-MEeCA7nbCnFREhw1JG3TLdO1NoA6bpgmcSLMN2FmpIwK1hApMb8Wh62gHF15MQL10pvVq1mt6HG900O70TsdYEvFs8RFLMkgrTav6vEEAImiyCzoX5pQBKVmPAYlQmdUG7EX6sqFpziYZ2aDv95h2cfpnB1KDoxvJz0XVppoTeaoEaX456QFWfhdcLBfWxJ9ySGeZ33k7Cpv0E-MHBimy58giuA-oXBsvhHffV6JqAsPKnftqhwvaRbymgx39bTC8Eyefou9r9ht17cx4Btt6PAtAT99MjZhECcgsOK52bGNj5Osw_2pj30QDr9wvWZCmGRF0CUy-mvOAmymnUcLmp9x1M-KzIR_7MaltLGeBrO2JFE3v44Y11LPjShoZ74n7uE_pg_8nytOc&xkcb=SoAf6_M3rHu6sSwySh0MbzkdCdPP&camk=ethIe0s0hectY4iGM_pHuA==&p=7&fvj=0&vjs=3,Typically responds within 7 days View similar jobs with this employer,2025-10-22 21:57:32,2025-10-23 03:57:39
240,Greenhouse Labourer,Onos Greenhouses Ltd,"Rosedale, BC",$18–$19 an hour,Full-time,https://ca.indeed.com/pagead/clk?mo=r&ad=-6NYlbfkN0DtJx51snyoGppwlJJDa4Z9y4CN2Xn8aEFJwLb2PDgFjFdpjXuJDJ2LTJ_U596WXxvRQrRgTD64UIvQhyxh2vPVs8G2dd_Smuah5tt3JcM5WdhwAwii-BJKiI7prHb768EYW1cGPd3AjG1GH5DpsnlxUr50IADjnUIIf_VQpHx2xrAFCuhh5dV2qh3aSZCxiQ267YwtvWjF4zN0p3uRS3-5wtKQGhBnEMIz6sS8rHKHQF3crVn4YBJrH3H7GhjIDZAkiYNdE2V7B1OP-DGmBXjV4zVhKhmIT-a--_DWv4MYiT36An21rLra1mC0ysZXOq5hPmNXqZVYCGIToEhAdbEwIqtk-qFUeLwO4JHVniac5aBxMCBrdpbFcs10tg_ME2dAKGa43ZnKleYHJQ_FnIudXodqvmuJYKIdzWmBjP4thKSzxTGv6GGA4lhz_SwMBDcfKfWRtWAQGORCFRuoGXxt-WOlDoHMmDVQJK5yqdAQ4apS1HivC3y1usydHggel1oh01f3KpMG2QvL_jDgXtO8FecXUZUYXP5r2NpIIsFxGpLEfNjbWNMgwxlpCjP2cMayhCQv7xRI6vEntBat6uxFvIzxajCiTs7tVFNBioG-lxMvLRHLXEQ7AfPFowMunGpPeLhODfxt8Q==&xkcb=SoDM6_M3rHu6sSwySh0FbzkdCdPP&camk=ethIe0s0hec8Xbp6QHntww==&p=14&fvj=0&vjs=3,Description snippet not available,2025-10-22 21:57:39,2025-10-23 03:57:39
263,Dishwasher,Nita Lake Lodge,"Whistler, BC",$21 an hour,Full-time,https://ca.indeed.com/pagead/clk?mo=r&ad=-6NYlbfkN0CY3WucIaPbvcqL7xDc3q_pEF8-DqYDSfQDaukxZluI52pY_4BFQqIjy4GJ9tpDVOWQLygM-qOp862RKM3q6cyQ8tlezVE5fhU8UKeP2-SIkj2-Ek1ylBXc_YEwcBzr8aUhvYnq2t25QhfdQWKOTRyFJ4BPsJ4rMDJBZ0Qst8mlIh95jkg4KvpVGEkGNJ4vzWUVUG8eL7tbGz-U2f2BZ2Nqv41DjVeXGXM-xpgAZjAvbf28xEByE7r_SvdbvwmhczVRVdbIoJhYkicmMl9H53AjORifpbWawZYfvsg8sbrXi_jYEHLOu9mlwK80ubkuIo7qak9izs3Yegik5PqCWMVy2xw6ETHVPwykWIAYVKfRLSEYsP91yD4lWYOXdFjzkXYbs9Fkku9Wx6AY8HNLxkZPmHgFfoNJPkDSbBeRDhORHFQOjsg1nnlS15zNJPw2XwL1sOJgkZUN50yDvGVPb_PB-nO5Afav5Sj_Gn9nQQ_2yrSH1ZH6Na4R99_EYe-gHfxZQkotIK_ZmB8Tg_ISjVc5FJ4navyZgTD77Pt4rI6pGlIVoxkpapBsuSYnD9XLMubYNx1T8A4Tix0g4FLZmblcRvDZHSmqyy1sTqw7Sr4QPAfflUKN7vnaOcFKWC2peiUXkWaZUhBHnZhV9htOoQLB&xkcb=SoCF6_M3rHu0z2SJ5J0MbzkdCdPP&camk=nUmJqO2E8rgdnco3GwQvDQ==&p=7&fvj=0&vjs=3,View similar jobs with this employer,2025-10-22 21:58:17,2025-10-23 03:58:24
267,factory cleaner,Sun-Rype,"Kelowna, BC V1Y 2W4",$30.63–$32.63 an hour,Not specified,https://ca.indeed.com/rc/clk?jk=6fcf1d25f7c975de&bb=zJL-6AcF7BYGL29ozftFGMFZC7vcnlWGnZZYL-eHvtau1uwc2iV9z5vy3mw0m96GSRpK6j328v1EvsiW2w_x4qlyPKpSRisvxybkKOs2KBH2rY1RxnPa1mUYI_wnks8z&xkcb=SoAF67M3rHu0z2SJ5J0AbzkdCdPP&fccid=3f796c693d64aa9e&vjs=3,Description snippet not available,2025-10-22 21:58:22,2025-10-23 03:58:24
268,egg packer - farm,Four Corners Poultry,"Staffa, ON",$23 an hour,Full-time,https://ca.indeed.com/rc/clk?jk=32b85e89aa334e7c&bb=zJL-6AcF7BYGL29ozftFGLXd-NVep2usU0JLDOkp8gefaDiKQXrYadIZXmPUxiMOMcmBCvvWSwQVJHR7cAxs5ZzjStLH_2Q0vq44wlsOnW2ZvMI8-ETLP2_1cbbLE0pF&xkcb=SoCL67M3rHu0z2SJ5J0HbzkdCdPP&fccid=79627dba8e11da6a&vjs=3,Description snippet not available,2025-10-22 21:58:22,2025-10-23 03:58:24
269,warehouse keeper helper,Budget Furniture land,"Surrey, BC V3W 6Y2",$20.50 an hour,Full-time,https://ca.indeed.com/rc/clk?jk=f3f5341c7218c69f&bb=zJL-6AcF7BYGL29ozftFGKabgumRntmQH6L-YPV7FYiuNyAviDHEQxkgQoqLX1v9IZ6sJmNomRGUdHDK9llUkYPJ-Nk-eI_DL6OkxreQNxFa4QuIl0gBPNRjEnTT7nWF&xkcb=SoA_67M3rHu0z2SJ5J0GbzkdCdPP&fccid=2e635168a5b6c5f6&vjs=3,Description snippet not available,2025-10-22 21:58:22,2025-10-23 03:58:24
270,"farm worker, fruit",Brambleberry Farm Inc.,"Wooler, ON",$17.60 an hour,Full-time,https://ca.indeed.com/rc/clk?jk=eac63bd7109a2327&bb=zJL-6AcF7BYGL29ozftFGKDhpWvD1QkJXZ8s3vF6KtiEfFlObGsJOe_DwviSlqrkk20cSyqUZa9wJHIQEzQCA3x_MwJZmaUZbsL1D7_rFK20_YXyFirWmXmpH-G_RmmB&xkcb=SoCi67M3rHu0z2SJ5J0FbzkdCdPP&fccid=aa308338782866d8&vjs=3,Description snippet not available,2025-10-22 21:58:24,2025-10-23 03:58:24
